account_id,bank,home_city,primary_device,secondary_device
ACC00000000,BANK0,CITY0,DEV0000000,DEV9000000
ACC00000001,BANK1,CITY1,DEV0000001,DEV9000001
ACC00000002,BANK2,CITY2,DEV0000002,DEV9000002
ACC00000003,BANK3,CITY3,DEV0000003,DEV9000003
ACC00000004,BANK4,CITY4,DEV0000004,DEV9000004
ACC00000005,BANK5,CITY5,DEV0000005,DEV9000005
ACC00000006,BANK6,CITY6,DEV0000006,DEV9000006
ACC00000007,BANK7,CITY7,DEV0000007,DEV9000007
ACC00000008,BANK0,CITY8,DEV0000008,DEV9000008
ACC00000009,BANK1,CITY9,DEV0000009,DEV9000009
ACC00000010,BANK2,CITY0,DEV0000010,DEV9000010
ACC00000011,BANK3,CITY1,DEV0000011,DEV9000011
ACC00000012,BANK4,CITY2,DEV0000012,DEV9000012
ACC00000013,BANK5,CITY3,DEV0000013,DEV9000013
ACC00000014,BANK6,CITY4,DEV0000014,DEV9000014
ACC00000015,BANK7,CITY5,DEV0000015,DEV9000015
ACC00000016,BANK0,CITY6,DEV0000016,DEV9000016
ACC00000017,BANK1,CITY7,DEV0000017,DEV9000017
ACC00000018,BANK2,CITY8,DEV0000018,DEV9000018
ACC00000019,BANK3,CITY9,DEV0000019,DEV9000019
ACC00000020,BANK4,CITY0,DEV0000020,DEV9000020
ACC00000021,BANK5,CITY1,DEV0000021,DEV9000021
ACC00000022,BANK6,CITY2,DEV0000022,DEV9000022
ACC00000023,BANK7,CITY3,DEV0000023,DEV9000023
ACC00000024,BANK0,CITY4,DEV0000024,DEV9000024
ACC00000025,BANK1,CITY5,DEV0000025,DEV9000025
ACC00000026,BANK2,CITY6,DEV0000026,DEV9000026
ACC00000027,BANK3,CITY7,DEV0000027,DEV9000027
ACC00000028,BANK4,CITY8,DEV0000028,DEV9000028
ACC00000029,BANK5,CITY9,DEV0000029,DEV9000029
ACC00000030,BANK6,CITY0,DEV0000030,DEV9000030
ACC00000031,BANK7,CITY1,DEV0000031,DEV9000031
ACC00000032,BANK0,CITY2,DEV0000032,DEV9000032
ACC00000033,BANK1,CITY3,DEV0000033,DEV9000033
ACC00000034,BANK2,CITY4,DEV0000034,DEV9000034
ACC00000035,BANK3,CITY5,DEV0000035,DEV9000035
ACC00000036,BANK4,CITY6,DEV0000036,DEV9000036
ACC00000037,BANK5,CITY7,DEV0000037,DEV9000037
ACC00000038,BANK6,CITY8,DEV0000038,DEV9000038
ACC00000039,BANK7,CITY9,DEV0000039,DEV9000039
ACC00000040,BANK0,CITY0,DEV0000040,DEV9000040
ACC00000041,BANK1,CITY1,DEV0000041,DEV9000041
ACC00000042,BANK2,CITY2,DEV0000042,DEV9000042
ACC00000043,BANK3,CITY3,DEV0000043,DEV9000043
ACC00000044,BANK4,CITY4,DEV0000044,DEV9000044
ACC00000045,BANK5,CITY5,DEV0000045,DEV9000045
ACC00000046,BANK6,CITY6,DEV0000046,DEV9000046
ACC00000047,BANK7,CITY7,DEV0000047,DEV9000047
ACC00000048,BANK0,CITY8,DEV0000048,DEV9000048
ACC00000049,BANK1,CITY9,DEV0000049,DEV9000049
ACC00000050,BANK2,CITY0,DEV0000050,DEV9000050
ACC00000051,BANK3,CITY1,DEV0000051,DEV9000051
ACC00000052,BANK4,CITY2,DEV0000052,DEV9000052
ACC00000053,BANK5,CITY3,DEV0000053,DEV9000053
ACC00000054,BANK6,CITY4,DEV0000054,DEV9000054
ACC00000055,BANK7,CITY5,DEV0000055,DEV9000055
ACC00000056,BANK0,CITY6,DEV0000056,DEV9000056
ACC00000057,BANK1,CITY7,DEV0000057,DEV9000057
ACC00000058,BANK2,CITY8,DEV0000058,DEV9000058
ACC00000059,BANK3,CITY9,DEV0000059,DEV9000059
ACC00000060,BANK4,CITY0,DEV0000060,DEV9000060
ACC00000061,BANK5,CITY1,DEV0000061,DEV9000061
ACC00000062,BANK6,CITY2,DEV0000062,DEV9000062
ACC00000063,BANK7,CITY3,DEV0000063,DEV9000063
ACC00000064,BANK0,CITY4,DEV0000064,DEV9000064
ACC00000065,BANK1,CITY5,DEV0000065,DEV9000065
ACC00000066,BANK2,CITY6,DEV0000066,DEV9000066
ACC00000067,BANK3,CITY7,DEV0000067,DEV9000067
ACC00000068,BANK4,CITY8,DEV0000068,DEV9000068
ACC00000069,BANK5,CITY9,DEV0000069,DEV9000069
ACC00000070,BANK6,CITY0,DEV0000070,DEV9000070
ACC00000071,BANK7,CITY1,DEV0000071,DEV9000071
ACC00000072,BANK0,CITY2,DEV0000072,DEV9000072
ACC00000073,BANK1,CITY3,DEV0000073,DEV9000073
ACC00000074,BANK2,CITY4,DEV0000074,DEV9000074
ACC00000075,BANK3,CITY5,DEV0000075,DEV9000075
ACC00000076,BANK4,CITY6,DEV0000076,DEV9000076
ACC00000077,BANK5,CITY7,DEV0000077,DEV9000077
ACC00000078,BANK6,CITY8,DEV0000078,DEV9000078
ACC00000079,BANK7,CITY9,DEV0000079,DEV9000079
ACC00000080,BANK0,CITY0,DEV0000080,DEV9000080
ACC00000081,BANK1,CITY1,DEV0000081,DEV9000081
ACC00000082,BANK2,CITY2,DEV0000082,DEV9000082
ACC00000083,BANK3,CITY3,DEV0000083,DEV9000083
ACC00000084,BANK4,CITY4,DEV0000084,DEV9000084
ACC00000085,BANK5,CITY5,DEV0000085,DEV9000085
ACC00000086,BANK6,CITY6,DEV0000086,DEV9000086
ACC00000087,BANK7,CITY7,DEV0000087,DEV9000087
ACC00000088,BANK0,CITY8,DEV0000088,DEV9000088
ACC00000089,BANK1,CITY9,DEV0000089,DEV9000089
ACC00000090,BANK2,CITY0,DEV0000090,DEV9000090
ACC00000091,BANK3,CITY1,DEV0000091,DEV9000091
ACC00000092,BANK4,CITY2,DEV0000092,DEV9000092
ACC00000093,BANK5,CITY3,DEV0000093,DEV9000093
ACC00000094,BANK6,CITY4,DEV0000094,DEV9000094
ACC00000095,BANK7,CITY5,DEV0000095,DEV9000095
ACC00000096,BANK0,CITY6,DEV0000096,DEV9000096
ACC00000097,BANK1,CITY7,DEV0000097,DEV9000097
ACC00000098,BANK2,CITY8,DEV0000098,DEV9000098
ACC00000099,BANK3,CITY9,DEV0000099,DEV9000099
ACC00000100,BANK4,CITY0,DEV0000100,DEV9000100
ACC00000101,BANK5,CITY1,DEV0000101,DEV9000101
ACC00000102,BANK6,CITY2,DEV0000102,DEV9000102
ACC00000103,BANK7,CITY3,DEV0000103,DEV9000103
ACC00000104,BANK0,CITY4,DEV0000104,DEV9000104
ACC00000105,BANK1,CITY5,DEV0000105,DEV9000105
ACC00000106,BANK2,CITY6,DEV0000106,DEV9000106
ACC00000107,BANK3,CITY7,DEV0000107,DEV9000107
ACC00000108,BANK4,CITY8,DEV0000108,DEV9000108
ACC00000109,BANK5,CITY9,DEV0000109,DEV9000109
ACC00000110,BANK6,CITY0,DEV0000110,DEV9000110
ACC00000111,BANK7,CITY1,DEV0000111,DEV9000111
ACC00000112,BANK0,CITY2,DEV0000112,DEV9000112
ACC00000113,BANK1,CITY3,DEV0000113,DEV9000113
ACC00000114,BANK2,CITY4,DEV0000114,DEV9000114
ACC00000115,BANK3,CITY5,DEV0000115,DEV9000115
ACC00000116,BANK4,CITY6,DEV0000116,DEV9000116
ACC00000117,BANK5,CITY7,DEV0000117,DEV9000117
ACC00000118,BANK6,CITY8,DEV0000118,DEV9000118
ACC00000119,BANK7,CITY9,DEV0000119,DEV9000119
ACC00000120,BANK0,CITY0,DEV0000120,DEV9000120
ACC00000121,BANK1,CITY1,DEV0000121,DEV9000121
ACC00000122,BANK2,CITY2,DEV0000122,DEV9000122
ACC00000123,BANK3,CITY3,DEV0000123,DEV9000123
ACC00000124,BANK4,CITY4,DEV0000124,DEV9000124
ACC00000125,BANK5,CITY5,DEV0000125,DEV9000125
ACC00000126,BANK6,CITY6,DEV0000126,DEV9000126
ACC00000127,BANK7,CITY7,DEV0000127,DEV9000127
ACC00000128,BANK0,CITY8,DEV0000128,DEV9000128
ACC00000129,BANK1,CITY9,DEV0000129,DEV9000129
ACC00000130,BANK2,CITY0,DEV0000130,DEV9000130
ACC00000131,BANK3,CITY1,DEV0000131,DEV9000131
ACC00000132,BANK4,CITY2,DEV0000132,DEV9000132
ACC00000133,BANK5,CITY3,DEV0000133,DEV9000133
ACC00000134,BANK6,CITY4,DEV0000134,DEV9000134
ACC00000135,BANK7,CITY5,DEV0000135,DEV9000135
ACC00000136,BANK0,CITY6,DEV0000136,DEV9000136
ACC00000137,BANK1,CITY7,DEV0000137,DEV9000137
ACC00000138,BANK2,CITY8,DEV0000138,DEV9000138
ACC00000139,BANK3,CITY9,DEV0000139,DEV9000139
ACC00000140,BANK4,CITY0,DEV0000140,DEV9000140
ACC00000141,BANK5,CITY1,DEV0000141,DEV9000141
ACC00000142,BANK6,CITY2,DEV0000142,DEV9000142
ACC00000143,BANK7,CITY3,DEV0000143,DEV9000143
ACC00000144,BANK0,CITY4,DEV0000144,DEV9000144
ACC00000145,BANK1,CITY5,DEV0000145,DEV9000145
ACC00000146,BANK2,CITY6,DEV0000146,DEV9000146
ACC00000147,BANK3,CITY7,DEV0000147,DEV9000147
ACC00000148,BANK4,CITY8,DEV0000148,DEV9000148
ACC00000149,BANK5,CITY9,DEV0000149,DEV9000149
ACC00000150,BANK6,CITY0,DEV0000150,DEV9000150
ACC00000151,BANK7,CITY1,DEV0000151,DEV9000151
ACC00000152,BANK0,CITY2,DEV0000152,DEV9000152
ACC00000153,BANK1,CITY3,DEV0000153,DEV9000153
ACC00000154,BANK2,CITY4,DEV0000154,DEV9000154
ACC00000155,BANK3,CITY5,DEV0000155,DEV9000155
ACC00000156,BANK4,CITY6,DEV0000156,DEV9000156
ACC00000157,BANK5,CITY7,DEV0000157,DEV9000157
ACC00000158,BANK6,CITY8,DEV0000158,DEV9000158
ACC00000159,BANK7,CITY9,DEV0000159,DEV9000159
ACC00000160,BANK0,CITY0,DEV0000160,DEV9000160
ACC00000161,BANK1,CITY1,DEV0000161,DEV9000161
ACC00000162,BANK2,CITY2,DEV0000162,DEV9000162
ACC00000163,BANK3,CITY3,DEV0000163,DEV9000163
ACC00000164,BANK4,CITY4,DEV0000164,DEV9000164
ACC00000165,BANK5,CITY5,DEV0000165,DEV9000165
ACC00000166,BANK6,CITY6,DEV0000166,DEV9000166
ACC00000167,BANK7,CITY7,DEV0000167,DEV9000167
ACC00000168,BANK0,CITY8,DEV0000168,DEV9000168
ACC00000169,BANK1,CITY9,DEV0000169,DEV9000169
ACC00000170,BANK2,CITY0,DEV0000170,DEV9000170
ACC00000171,BANK3,CITY1,DEV0000171,DEV9000171
ACC00000172,BANK4,CITY2,DEV0000172,DEV9000172
ACC00000173,BANK5,CITY3,DEV0000173,DEV9000173
ACC00000174,BANK6,CITY4,DEV0000174,DEV9000174
ACC00000175,BANK7,CITY5,DEV0000175,DEV9000175
ACC00000176,BANK0,CITY6,DEV0000176,DEV9000176
ACC00000177,BANK1,CITY7,DEV0000177,DEV9000177
ACC00000178,BANK2,CITY8,DEV0000178,DEV9000178
ACC00000179,BANK3,CITY9,DEV0000179,DEV9000179
ACC00000180,BANK4,CITY0,DEV0000180,DEV9000180
ACC00000181,BANK5,CITY1,DEV0000181,DEV9000181
ACC00000182,BANK6,CITY2,DEV0000182,DEV9000182
ACC00000183,BANK7,CITY3,DEV0000183,DEV9000183
ACC00000184,BANK0,CITY4,DEV0000184,DEV9000184
ACC00000185,BANK1,CITY5,DEV0000185,DEV9000185
ACC00000186,BANK2,CITY6,DEV0000186,DEV9000186
ACC00000187,BANK3,CITY7,DEV0000187,DEV9000187
ACC00000188,BANK4,CITY8,DEV0000188,DEV9000188
ACC00000189,BANK5,CITY9,DEV0000189,DEV9000189
ACC00000190,BANK6,CITY0,DEV0000190,DEV9000190
ACC00000191,BANK7,CITY1,DEV0000191,DEV9000191
ACC00000192,BANK0,CITY2,DEV0000192,DEV9000192
ACC00000193,BANK1,CITY3,DEV0000193,DEV9000193
ACC00000194,BANK2,CITY4,DEV0000194,DEV9000194
ACC00000195,BANK3,CITY5,DEV0000195,DEV9000195
ACC00000196,BANK4,CITY6,DEV0000196,DEV9000196
ACC00000197,BANK5,CITY7,DEV0000197,DEV9000197
ACC00000198,BANK6,CITY8,DEV0000198,DEV9000198
ACC00000199,BANK7,CITY9,DEV0000199,DEV9000199
ACC00000200,BANK0,CITY0,DEV0000200,DEV9000200
ACC00000201,BANK1,CITY1,DEV0000201,DEV9000201
ACC00000202,BANK2,CITY2,DEV0000202,DEV9000202
ACC00000203,BANK3,CITY3,DEV0000203,DEV9000203
ACC00000204,BANK4,CITY4,DEV0000204,DEV9000204
ACC00000205,BANK5,CITY5,DEV0000205,DEV9000205
ACC00000206,BANK6,CITY6,DEV0000206,DEV9000206
ACC00000207,BANK7,CITY7,DEV0000207,DEV9000207
ACC00000208,BANK0,CITY8,DEV0000208,DEV9000208
ACC00000209,BANK1,CITY9,DEV0000209,DEV9000209
ACC00000210,BANK2,CITY0,DEV0000210,DEV9000210
ACC00000211,BANK3,CITY1,DEV0000211,DEV9000211
ACC00000212,BANK4,CITY2,DEV0000212,DEV9000212
ACC00000213,BANK5,CITY3,DEV0000213,DEV9000213
ACC00000214,BANK6,CITY4,DEV0000214,DEV9000214
ACC00000215,BANK7,CITY5,DEV0000215,DEV9000215
ACC00000216,BANK0,CITY6,DEV0000216,DEV9000216
ACC00000217,BANK1,CITY7,DEV0000217,DEV9000217
ACC00000218,BANK2,CITY8,DEV0000218,DEV9000218
ACC00000219,BANK3,CITY9,DEV0000219,DEV9000219
ACC00000220,BANK4,CITY0,DEV0000220,DEV9000220
ACC00000221,BANK5,CITY1,DEV0000221,DEV9000221
ACC00000222,BANK6,CITY2,DEV0000222,DEV9000222
ACC00000223,BANK7,CITY3,DEV0000223,DEV9000223
ACC00000224,BANK0,CITY4,DEV0000224,DEV9000224
ACC00000225,BANK1,CITY5,DEV0000225,DEV9000225
ACC00000226,BANK2,CITY6,DEV0000226,DEV9000226
ACC00000227,BANK3,CITY7,DEV0000227,DEV9000227
ACC00000228,BANK4,CITY8,DEV0000228,DEV9000228
ACC00000229,BANK5,CITY9,DEV0000229,DEV9000229
ACC00000230,BANK6,CITY0,DEV0000230,DEV9000230
ACC00000231,BANK7,CITY1,DEV0000231,DEV9000231
ACC00000232,BANK0,CITY2,DEV0000232,DEV9000232
ACC00000233,BANK1,CITY3,DEV0000233,DEV9000233
ACC00000234,BANK2,CITY4,DEV0000234,DEV9000234
ACC00000235,BANK3,CITY5,DEV0000235,DEV9000235
ACC00000236,BANK4,CITY6,DEV0000236,DEV9000236
ACC00000237,BANK5,CITY7,DEV0000237,DEV9000237
ACC00000238,BANK6,CITY8,DEV0000238,DEV9000238
ACC00000239,BANK7,CITY9,DEV0000239,DEV9000239
ACC00000240,BANK0,CITY0,DEV0000240,DEV9000240
ACC00000241,BANK1,CITY1,DEV0000241,DEV9000241
ACC00000242,BANK2,CITY2,DEV0000242,DEV9000242
ACC00000243,BANK3,CITY3,DEV0000243,DEV9000243
ACC00000244,BANK4,CITY4,DEV0000244,DEV9000244
ACC00000245,BANK5,CITY5,DEV0000245,DEV9000245
ACC00000246,BANK6,CITY6,DEV0000246,DEV9000246
ACC00000247,BANK7,CITY7,DEV0000247,DEV9000247
ACC00000248,BANK0,CITY8,DEV0000248,DEV9000248
ACC00000249,BANK1,CITY9,DEV0000249,DEV9000249
ACC00000250,BANK2,CITY0,DEV0000250,DEV9000250
ACC00000251,BANK3,CITY1,DEV0000251,DEV9000251
ACC00000252,BANK4,CITY2,DEV0000252,DEV9000252
ACC00000253,BANK5,CITY3,DEV0000253,DEV9000253
ACC00000254,BANK6,CITY4,DEV0000254,DEV9000254
ACC00000255,BANK7,CITY5,DEV0000255,DEV9000255
ACC00000256,BANK0,CITY6,DEV0000256,DEV9000256
ACC00000257,BANK1,CITY7,DEV0000257,DEV9000257
ACC00000258,BANK2,CITY8,DEV0000258,DEV9000258
ACC00000259,BANK3,CITY9,DEV0000259,DEV9000259
ACC00000260,BANK4,CITY0,DEV0000260,DEV9000260
ACC00000261,BANK5,CITY1,DEV0000261,DEV9000261
ACC00000262,BANK6,CITY2,DEV0000262,DEV9000262
ACC00000263,BANK7,CITY3,DEV0000263,DEV9000263
ACC00000264,BANK0,CITY4,DEV0000264,DEV9000264
ACC00000265,BANK1,CITY5,DEV0000265,DEV9000265
ACC00000266,BANK2,CITY6,DEV0000266,DEV9000266
ACC00000267,BANK3,CITY7,DEV0000267,DEV9000267
ACC00000268,BANK4,CITY8,DEV0000268,DEV9000268
ACC00000269,BANK5,CITY9,DEV0000269,DEV9000269
ACC00000270,BANK6,CITY0,DEV0000270,DEV9000270
ACC00000271,BANK7,CITY1,DEV0000271,DEV9000271
ACC00000272,BANK0,CITY2,DEV0000272,DEV9000272
ACC00000273,BANK1,CITY3,DEV0000273,DEV9000273
ACC00000274,BANK2,CITY4,DEV0000274,DEV9000274
ACC00000275,BANK3,CITY5,DEV0000275,DEV9000275
ACC00000276,BANK4,CITY6,DEV0000276,DEV9000276
ACC00000277,BANK5,CITY7,DEV0000277,DEV9000277
ACC00000278,BANK6,CITY8,DEV0000278,DEV9000278
ACC00000279,BANK7,CITY9,DEV0000279,DEV9000279
ACC00000280,BANK0,CITY0,DEV0000280,DEV9000280
ACC00000281,BANK1,CITY1,DEV0000281,DEV9000281
ACC00000282,BANK2,CITY2,DEV0000282,DEV9000282
ACC00000283,BANK3,CITY3,DEV0000283,DEV9000283
ACC00000284,BANK4,CITY4,DEV0000284,DEV9000284
ACC00000285,BANK5,CITY5,DEV0000285,DEV9000285
ACC00000286,BANK6,CITY6,DEV0000286,DEV9000286
ACC00000287,BANK7,CITY7,DEV0000287,DEV9000287
ACC00000288,BANK0,CITY8,DEV0000288,DEV9000288
ACC00000289,BANK1,CITY9,DEV0000289,DEV9000289
ACC00000290,BANK2,CITY0,DEV0000290,DEV9000290
ACC00000291,BANK3,CITY1,DEV0000291,DEV9000291
ACC00000292,BANK4,CITY2,DEV0000292,DEV9000292
ACC00000293,BANK5,CITY3,DEV0000293,DEV9000293
ACC00000294,BANK6,CITY4,DEV0000294,DEV9000294
ACC00000295,BANK7,CITY5,DEV0000295,DEV9000295
ACC00000296,BANK0,CITY6,DEV0000296,DEV9000296
ACC00000297,BANK1,CITY7,DEV0000297,DEV9000297
ACC00000298,BANK2,CITY8,DEV0000298,DEV9000298
ACC00000299,BANK3,CITY9,DEV0000299,DEV9000299
ACC00000300,BANK4,CITY0,DEV0000300,DEV9000300
ACC00000301,BANK5,CITY1,DEV0000301,DEV9000301
ACC00000302,BANK6,CITY2,DEV0000302,DEV9000302
ACC00000303,BANK7,CITY3,DEV0000303,DEV9000303
ACC00000304,BANK0,CITY4,DEV0000304,DEV9000304
ACC00000305,BANK1,CITY5,DEV0000305,DEV9000305
ACC00000306,BANK2,CITY6,DEV0000306,DEV9000306
ACC00000307,BANK3,CITY7,DEV0000307,DEV9000307
ACC00000308,BANK4,CITY8,DEV0000308,DEV9000308
ACC00000309,BANK5,CITY9,DEV0000309,DEV9000309
ACC00000310,BANK6,CITY0,DEV0000310,DEV9000310
ACC00000311,BANK7,CITY1,DEV0000311,DEV9000311
ACC00000312,BANK0,CITY2,DEV0000312,DEV9000312
ACC00000313,BANK1,CITY3,DEV0000313,DEV9000313
ACC00000314,BANK2,CITY4,DEV0000314,DEV9000314
ACC00000315,BANK3,CITY5,DEV0000315,DEV9000315
ACC00000316,BANK4,CITY6,DEV0000316,DEV9000316
ACC00000317,BANK5,CITY7,DEV0000317,DEV9000317
ACC00000318,BANK6,CITY8,DEV0000318,DEV9000318
ACC00000319,BANK7,CITY9,DEV0000319,DEV9000319
ACC00000320,BANK0,CITY0,DEV0000320,DEV9000320
ACC00000321,BANK1,CITY1,DEV0000321,DEV9000321
ACC00000322,BANK2,CITY2,DEV0000322,DEV9000322
ACC00000323,BANK3,CITY3,DEV0000323,DEV9000323
ACC00000324,BANK4,CITY4,DEV0000324,DEV9000324
ACC00000325,BANK5,CITY5,DEV0000325,DEV9000325
ACC00000326,BANK6,CITY6,DEV0000326,DEV9000326
ACC00000327,BANK7,CITY7,DEV0000327,DEV9000327
ACC00000328,BANK0,CITY8,DEV0000328,DEV9000328
ACC00000329,BANK1,CITY9,DEV0000329,DEV9000329
ACC00000330,BANK2,CITY0,DEV0000330,DEV9000330
ACC00000331,BANK3,CITY1,DEV0000331,DEV9000331
ACC00000332,BANK4,CITY2,DEV0000332,DEV9000332
ACC00000333,BANK5,CITY3,DEV0000333,DEV9000333
ACC00000334,BANK6,CITY4,DEV0000334,DEV9000334
ACC00000335,BANK7,CITY5,DEV0000335,DEV9000335
ACC00000336,BANK0,CITY6,DEV0000336,DEV9000336
ACC00000337,BANK1,CITY7,DEV0000337,DEV9000337
ACC00000338,BANK2,CITY8,DEV0000338,DEV9000338
ACC00000339,BANK3,CITY9,DEV0000339,DEV9000339
ACC00000340,BANK4,CITY0,DEV0000340,DEV9000340
ACC00000341,BANK5,CITY1,DEV0000341,DEV9000341
ACC00000342,BANK6,CITY2,DEV0000342,DEV9000342
ACC00000343,BANK7,CITY3,DEV0000343,DEV9000343
ACC00000344,BANK0,CITY4,DEV0000344,DEV9000344
ACC00000345,BANK1,CITY5,DEV0000345,DEV9000345
ACC00000346,BANK2,CITY6,DEV0000346,DEV9000346
ACC00000347,BANK3,CITY7,DEV0000347,DEV9000347
ACC00000348,BANK4,CITY8,DEV0000348,DEV9000348
ACC00000349,BANK5,CITY9,DEV0000349,DEV9000349
ACC00000350,BANK6,CITY0,DEV0000350,DEV9000350
ACC00000351,BANK7,CITY1,DEV0000351,DEV9000351
ACC00000352,BANK0,CITY2,DEV0000352,DEV9000352
ACC00000353,BANK1,CITY3,DEV0000353,DEV9000353
ACC00000354,BANK2,CITY4,DEV0000354,DEV9000354
ACC00000355,BANK3,CITY5,DEV0000355,DEV9000355
ACC00000356,BANK4,CITY6,DEV0000356,DEV9000356
ACC00000357,BANK5,CITY7,DEV0000357,DEV9000357
ACC00000358,BANK6,CITY8,DEV0000358,DEV9000358
ACC00000359,BANK7,CITY9,DEV0000359,DEV9000359
ACC00000360,BANK0,CITY0,DEV0000360,DEV9000360
ACC00000361,BANK1,CITY1,DEV0000361,DEV9000361
ACC00000362,BANK2,CITY2,DEV0000362,DEV9000362
ACC00000363,BANK3,CITY3,DEV0000363,DEV9000363
ACC00000364,BANK4,CITY4,DEV0000364,DEV9000364
ACC00000365,BANK5,CITY5,DEV0000365,DEV9000365
ACC00000366,BANK6,CITY6,DEV0000366,DEV9000366
ACC00000367,BANK7,CITY7,DEV0000367,DEV9000367
ACC00000368,BANK0,CITY8,DEV0000368,DEV9000368
ACC00000369,BANK1,CITY9,DEV0000369,DEV9000369
ACC00000370,BANK2,CITY0,DEV0000370,DEV9000370
ACC00000371,BANK3,CITY1,DEV0000371,DEV9000371
ACC00000372,BANK4,CITY2,DEV0000372,DEV9000372
ACC00000373,BANK5,CITY3,DEV0000373,DEV9000373
ACC00000374,BANK6,CITY4,DEV0000374,DEV9000374
ACC00000375,BANK7,CITY5,DEV0000375,DEV9000375
ACC00000376,BANK0,CITY6,DEV0000376,DEV9000376
ACC00000377,BANK1,CITY7,DEV0000377,DEV9000377
ACC00000378,BANK2,CITY8,DEV0000378,DEV9000378
ACC00000379,BANK3,CITY9,DEV0000379,DEV9000379
ACC00000380,BANK4,CITY0,DEV0000380,DEV9000380
ACC00000381,BANK5,CITY1,DEV0000381,DEV9000381
ACC00000382,BANK6,CITY2,DEV0000382,DEV9000382
ACC00000383,BANK7,CITY3,DEV0000383,DEV9000383
ACC00000384,BANK0,CITY4,DEV0000384,DEV9000384
ACC00000385,BANK1,CITY5,DEV0000385,DEV9000385
ACC00000386,BANK2,CITY6,DEV0000386,DEV9000386
ACC00000387,BANK3,CITY7,DEV0000387,DEV9000387
ACC00000388,BANK4,CITY8,DEV0000388,DEV9000388
ACC00000389,BANK5,CITY9,DEV0000389,DEV9000389
ACC00000390,BANK6,CITY0,DEV0000390,DEV9000390
ACC00000391,BANK7,CITY1,DEV0000391,DEV9000391
ACC00000392,BANK0,CITY2,DEV0000392,DEV9000392
ACC00000393,BANK1,CITY3,DEV0000393,DEV9000393
ACC00000394,BANK2,CITY4,DEV0000394,DEV9000394
ACC00000395,BANK3,CITY5,DEV0000395,DEV9000395
ACC00000396,BANK4,CITY6,DEV0000396,DEV9000396
ACC00000397,BANK5,CITY7,DEV0000397,DEV9000397
ACC00000398,BANK6,CITY8,DEV0000398,DEV9000398
ACC00000399,BANK7,CITY9,DEV0000399,DEV9000399
ACC00000400,BANK0,CITY0,DEV0000400,DEV9000400
ACC00000401,BANK1,CITY1,DEV0000401,DEV9000401
ACC00000402,BANK2,CITY2,DEV0000402,DEV9000402
ACC00000403,BANK3,CITY3,DEV0000403,DEV9000403
ACC00000404,BANK4,CITY4,DEV0000404,DEV9000404
ACC00000405,BANK5,CITY5,DEV0000405,DEV9000405
ACC00000406,BANK6,CITY6,DEV0000406,DEV9000406
ACC00000407,BANK7,CITY7,DEV0000407,DEV9000407
ACC00000408,BANK0,CITY8,DEV0000408,DEV9000408
ACC00000409,BANK1,CITY9,DEV0000409,DEV9000409
ACC00000410,BANK2,CITY0,DEV0000410,DEV9000410
ACC00000411,BANK3,CITY1,DEV0000411,DEV9000411
ACC00000412,BANK4,CITY2,DEV0000412,DEV9000412
ACC00000413,BANK5,CITY3,DEV0000413,DEV9000413
ACC00000414,BANK6,CITY4,DEV0000414,DEV9000414
ACC00000415,BANK7,CITY5,DEV0000415,DEV9000415
ACC00000416,BANK0,CITY6,DEV0000416,DEV9000416
ACC00000417,BANK1,CITY7,DEV0000417,DEV9000417
ACC00000418,BANK2,CITY8,DEV0000418,DEV9000418
ACC00000419,BANK3,CITY9,DEV0000419,DEV9000419
ACC00000420,BANK4,CITY0,DEV0000420,DEV9000420
ACC00000421,BANK5,CITY1,DEV0000421,DEV9000421
ACC00000422,BANK6,CITY2,DEV0000422,DEV9000422
ACC00000423,BANK7,CITY3,DEV0000423,DEV9000423
ACC00000424,BANK0,CITY4,DEV0000424,DEV9000424
ACC00000425,BANK1,CITY5,DEV0000425,DEV9000425
ACC00000426,BANK2,CITY6,DEV0000426,DEV9000426
ACC00000427,BANK3,CITY7,DEV0000427,DEV9000427
ACC00000428,BANK4,CITY8,DEV0000428,DEV9000428
ACC00000429,BANK5,CITY9,DEV0000429,DEV9000429
ACC00000430,BANK6,CITY0,DEV0000430,DEV9000430
ACC00000431,BANK7,CITY1,DEV0000431,DEV9000431
ACC00000432,BANK0,CITY2,DEV0000432,DEV9000432
ACC00000433,BANK1,CITY3,DEV0000433,DEV9000433
ACC00000434,BANK2,CITY4,DEV0000434,DEV9000434
ACC00000435,BANK3,CITY5,DEV0000435,DEV9000435
ACC00000436,BANK4,CITY6,DEV0000436,DEV9000436
ACC00000437,BANK5,CITY7,DEV0000437,DEV9000437
ACC00000438,BANK6,CITY8,DEV0000438,DEV9000438
ACC00000439,BANK7,CITY9,DEV0000439,DEV9000439
ACC00000440,BANK0,CITY0,DEV0000440,DEV9000440
ACC00000441,BANK1,CITY1,DEV0000441,DEV9000441
ACC00000442,BANK2,CITY2,DEV0000442,DEV9000442
ACC00000443,BANK3,CITY3,DEV0000443,DEV9000443
ACC00000444,BANK4,CITY4,DEV0000444,DEV9000444
ACC00000445,BANK5,CITY5,DEV0000445,DEV9000445
ACC00000446,BANK6,CITY6,DEV0000446,DEV9000446
ACC00000447,BANK7,CITY7,DEV0000447,DEV9000447
ACC00000448,BANK0,CITY8,DEV0000448,DEV9000448
ACC00000449,BANK1,CITY9,DEV0000449,DEV9000449
ACC00000450,BANK2,CITY0,DEV0000450,DEV9000450
ACC00000451,BANK3,CITY1,DEV0000451,DEV9000451
ACC00000452,BANK4,CITY2,DEV0000452,DEV9000452
ACC00000453,BANK5,CITY3,DEV0000453,DEV9000453
ACC00000454,BANK6,CITY4,DEV0000454,DEV9000454
ACC00000455,BANK7,CITY5,DEV0000455,DEV9000455
ACC00000456,BANK0,CITY6,DEV0000456,DEV9000456
ACC00000457,BANK1,CITY7,DEV0000457,DEV9000457
ACC00000458,BANK2,CITY8,DEV0000458,DEV9000458
ACC00000459,BANK3,CITY9,DEV0000459,DEV9000459
ACC00000460,BANK4,CITY0,DEV0000460,DEV9000460
ACC00000461,BANK5,CITY1,DEV0000461,DEV9000461
ACC00000462,BANK6,CITY2,DEV0000462,DEV9000462
ACC00000463,BANK7,CITY3,DEV0000463,DEV9000463
ACC00000464,BANK0,CITY4,DEV0000464,DEV9000464
ACC00000465,BANK1,CITY5,DEV0000465,DEV9000465
ACC00000466,BANK2,CITY6,DEV0000466,DEV9000466
ACC00000467,BANK3,CITY7,DEV0000467,DEV9000467
ACC00000468,BANK4,CITY8,DEV0000468,DEV9000468
ACC00000469,BANK5,CITY9,DEV0000469,DEV9000469
ACC00000470,BANK6,CITY0,DEV0000470,DEV9000470
ACC00000471,BANK7,CITY1,DEV0000471,DEV9000471
ACC00000472,BANK0,CITY2,DEV0000472,DEV9000472
ACC00000473,BANK1,CITY3,DEV0000473,DEV9000473
ACC00000474,BANK2,CITY4,DEV0000474,DEV9000474
ACC00000475,BANK3,CITY5,DEV0000475,DEV9000475
ACC00000476,BANK4,CITY6,DEV0000476,DEV9000476
ACC00000477,BANK5,CITY7,DEV0000477,DEV9000477
ACC00000478,BANK6,CITY8,DEV0000478,DEV9000478
ACC00000479,BANK7,CITY9,DEV0000479,DEV9000479
ACC00000480,BANK0,CITY0,DEV0000480,DEV9000480
ACC00000481,BANK1,CITY1,DEV0000481,DEV9000481
ACC00000482,BANK2,CITY2,DEV0000482,DEV9000482
ACC00000483,BANK3,CITY3,DEV0000483,DEV9000483
ACC00000484,BANK4,CITY4,DEV0000484,DEV9000484
ACC00000485,BANK5,CITY5,DEV0000485,DEV9000485
ACC00000486,BANK6,CITY6,DEV0000486,DEV9000486
ACC00000487,BANK7,CITY7,DEV0000487,DEV9000487
ACC00000488,BANK0,CITY8,DEV0000488,DEV9000488
ACC00000489,BANK1,CITY9,DEV0000489,DEV9000489
ACC00000490,BANK2,CITY0,DEV0000490,DEV9000490
ACC00000491,BANK3,CITY1,DEV0000491,DEV9000491
ACC00000492,BANK4,CITY2,DEV0000492,DEV9000492
ACC00000493,BANK5,CITY3,DEV0000493,DEV9000493
ACC00000494,BANK6,CITY4,DEV0000494,DEV9000494
ACC00000495,BANK7,CITY5,DEV0000495,DEV9000495
ACC00000496,BANK0,CITY6,DEV0000496,DEV9000496
ACC00000497,BANK1,CITY7,DEV0000497,DEV9000497
ACC00000498,BANK2,CITY8,DEV0000498,DEV9000498
ACC00000499,BANK3,CITY9,DEV0000499,DEV9000499
ACC00000500,BANK4,CITY0,DEV0000500,DEV9000500
ACC00000501,BANK5,CITY1,DEV0000501,DEV9000501
ACC00000502,BANK6,CITY2,DEV0000502,DEV9000502
ACC00000503,BANK7,CITY3,DEV0000503,DEV9000503
ACC00000504,BANK0,CITY4,DEV0000504,DEV9000504
ACC00000505,BANK1,CITY5,DEV0000505,DEV9000505
ACC00000506,BANK2,CITY6,DEV0000506,DEV9000506
ACC00000507,BANK3,CITY7,DEV0000507,DEV9000507
ACC00000508,BANK4,CITY8,DEV0000508,DEV9000508
ACC00000509,BANK5,CITY9,DEV0000509,DEV9000509
ACC00000510,BANK6,CITY0,DEV0000510,DEV9000510
ACC00000511,BANK7,CITY1,DEV0000511,DEV9000511
ACC00000512,BANK0,CITY2,DEV0000512,DEV9000512
ACC00000513,BANK1,CITY3,DEV0000513,DEV9000513
ACC00000514,BANK2,CITY4,DEV0000514,DEV9000514
ACC00000515,BANK3,CITY5,DEV0000515,DEV9000515
ACC00000516,BANK4,CITY6,DEV0000516,DEV9000516
ACC00000517,BANK5,CITY7,DEV0000517,DEV9000517
ACC00000518,BANK6,CITY8,DEV0000518,DEV9000518
ACC00000519,BANK7,CITY9,DEV0000519,DEV9000519
ACC00000520,BANK0,CITY0,DEV0000520,DEV9000520
ACC00000521,BANK1,CITY1,DEV0000521,DEV9000521
ACC00000522,BANK2,CITY2,DEV0000522,DEV9000522
ACC00000523,BANK3,CITY3,DEV0000523,DEV9000523
ACC00000524,BANK4,CITY4,DEV0000524,DEV9000524
ACC00000525,BANK5,CITY5,DEV0000525,DEV9000525
ACC00000526,BANK6,CITY6,DEV0000526,DEV9000526
ACC00000527,BANK7,CITY7,DEV0000527,DEV9000527
ACC00000528,BANK0,CITY8,DEV0000528,DEV9000528
ACC00000529,BANK1,CITY9,DEV0000529,DEV9000529
ACC00000530,BANK2,CITY0,DEV0000530,DEV9000530
ACC00000531,BANK3,CITY1,DEV0000531,DEV9000531
ACC00000532,BANK4,CITY2,DEV0000532,DEV9000532
ACC00000533,BANK5,CITY3,DEV0000533,DEV9000533
ACC00000534,BANK6,CITY4,DEV0000534,DEV9000534
ACC00000535,BANK7,CITY5,DEV0000535,DEV9000535
ACC00000536,BANK0,CITY6,DEV0000536,DEV9000536
ACC00000537,BANK1,CITY7,DEV0000537,DEV9000537
ACC00000538,BANK2,CITY8,DEV0000538,DEV9000538
ACC00000539,BANK3,CITY9,DEV0000539,DEV9000539
ACC00000540,BANK4,CITY0,DEV0000540,DEV9000540
ACC00000541,BANK5,CITY1,DEV0000541,DEV9000541
ACC00000542,BANK6,CITY2,DEV0000542,DEV9000542
ACC00000543,BANK7,CITY3,DEV0000543,DEV9000543
ACC00000544,BANK0,CITY4,DEV0000544,DEV9000544
ACC00000545,BANK1,CITY5,DEV0000545,DEV9000545
ACC00000546,BANK2,CITY6,DEV0000546,DEV9000546
ACC00000547,BANK3,CITY7,DEV0000547,DEV9000547
ACC00000548,BANK4,CITY8,DEV0000548,DEV9000548
ACC00000549,BANK5,CITY9,DEV0000549,DEV9000549
ACC00000550,BANK6,CITY0,DEV0000550,DEV9000550
ACC00000551,BANK7,CITY1,DEV0000551,DEV9000551
ACC00000552,BANK0,CITY2,DEV0000552,DEV9000552
ACC00000553,BANK1,CITY3,DEV0000553,DEV9000553
ACC00000554,BANK2,CITY4,DEV0000554,DEV9000554
ACC00000555,BANK3,CITY5,DEV0000555,DEV9000555
ACC00000556,BANK4,CITY6,DEV0000556,DEV9000556
ACC00000557,BANK5,CITY7,DEV0000557,DEV9000557
ACC00000558,BANK6,CITY8,DEV0000558,DEV9000558
ACC00000559,BANK7,CITY9,DEV0000559,DEV9000559
ACC00000560,BANK0,CITY0,DEV0000560,DEV9000560
ACC00000561,BANK1,CITY1,DEV0000561,DEV9000561
ACC00000562,BANK2,CITY2,DEV0000562,DEV9000562
ACC00000563,BANK3,CITY3,DEV0000563,DEV9000563
ACC00000564,BANK4,CITY4,DEV0000564,DEV9000564
ACC00000565,BANK5,CITY5,DEV0000565,DEV9000565
ACC00000566,BANK6,CITY6,DEV0000566,DEV9000566
ACC00000567,BANK7,CITY7,DEV0000567,DEV9000567
ACC00000568,BANK0,CITY8,DEV0000568,DEV9000568
ACC00000569,BANK1,CITY9,DEV0000569,DEV9000569
ACC00000570,BANK2,CITY0,DEV0000570,DEV9000570
ACC00000571,BANK3,CITY1,DEV0000571,DEV9000571
ACC00000572,BANK4,CITY2,DEV0000572,DEV9000572
ACC00000573,BANK5,CITY3,DEV0000573,DEV9000573
ACC00000574,BANK6,CITY4,DEV0000574,DEV9000574
ACC00000575,BANK7,CITY5,DEV0000575,DEV9000575
ACC00000576,BANK0,CITY6,DEV0000576,DEV9000576
ACC00000577,BANK1,CITY7,DEV0000577,DEV9000577
ACC00000578,BANK2,CITY8,DEV0000578,DEV9000578
ACC00000579,BANK3,CITY9,DEV0000579,DEV9000579
ACC00000580,BANK4,CITY0,DEV0000580,DEV9000580
ACC00000581,BANK5,CITY1,DEV0000581,DEV9000581
ACC00000582,BANK6,CITY2,DEV0000582,DEV9000582
ACC00000583,BANK7,CITY3,DEV0000583,DEV9000583
ACC00000584,BANK0,CITY4,DEV0000584,DEV9000584
ACC00000585,BANK1,CITY5,DEV0000585,DEV9000585
ACC00000586,BANK2,CITY6,DEV0000586,DEV9000586
ACC00000587,BANK3,CITY7,DEV0000587,DEV9000587
ACC00000588,BANK4,CITY8,DEV0000588,DEV9000588
ACC00000589,BANK5,CITY9,DEV0000589,DEV9000589
ACC00000590,BANK6,CITY0,DEV0000590,DEV9000590
ACC00000591,BANK7,CITY1,DEV0000591,DEV9000591
ACC00000592,BANK0,CITY2,DEV0000592,DEV9000592
ACC00000593,BANK1,CITY3,DEV0000593,DEV9000593
ACC00000594,BANK2,CITY4,DEV0000594,DEV9000594
ACC00000595,BANK3,CITY5,DEV0000595,DEV9000595
ACC00000596,BANK4,CITY6,DEV0000596,DEV9000596
ACC00000597,BANK5,CITY7,DEV0000597,DEV9000597
ACC00000598,BANK6,CITY8,DEV0000598,DEV9000598
ACC00000599,BANK7,CITY9,DEV0000599,DEV9000599
ACC00000600,BANK0,CITY0,DEV0000600,DEV9000600
ACC00000601,BANK1,CITY1,DEV0000601,DEV9000601
ACC00000602,BANK2,CITY2,DEV0000602,DEV9000602
ACC00000603,BANK3,CITY3,DEV0000603,DEV9000603
ACC00000604,BANK4,CITY4,DEV0000604,DEV9000604
ACC00000605,BANK5,CITY5,DEV0000605,DEV9000605
ACC00000606,BANK6,CITY6,DEV0000606,DEV9000606
ACC00000607,BANK7,CITY7,DEV0000607,DEV9000607
ACC00000608,BANK0,CITY8,DEV0000608,DEV9000608
ACC00000609,BANK1,CITY9,DEV0000609,DEV9000609
ACC00000610,BANK2,CITY0,DEV0000610,DEV9000610
ACC00000611,BANK3,CITY1,DEV0000611,DEV9000611
ACC00000612,BANK4,CITY2,DEV0000612,DEV9000612
ACC00000613,BANK5,CITY3,DEV0000613,DEV9000613
ACC00000614,BANK6,CITY4,DEV0000614,DEV9000614
ACC00000615,BANK7,CITY5,DEV0000615,DEV9000615
ACC00000616,BANK0,CITY6,DEV0000616,DEV9000616
ACC00000617,BANK1,CITY7,DEV0000617,DEV9000617
ACC00000618,BANK2,CITY8,DEV0000618,DEV9000618
ACC00000619,BANK3,CITY9,DEV0000619,DEV9000619
ACC00000620,BANK4,CITY0,DEV0000620,DEV9000620
ACC00000621,BANK5,CITY1,DEV0000621,DEV9000621
ACC00000622,BANK6,CITY2,DEV0000622,DEV9000622
ACC00000623,BANK7,CITY3,DEV0000623,DEV9000623
ACC00000624,BANK0,CITY4,DEV0000624,DEV9000624
ACC00000625,BANK1,CITY5,DEV0000625,DEV9000625
ACC00000626,BANK2,CITY6,DEV0000626,DEV9000626
ACC00000627,BANK3,CITY7,DEV0000627,DEV9000627
ACC00000628,BANK4,CITY8,DEV0000628,DEV9000628
ACC00000629,BANK5,CITY9,DEV0000629,DEV9000629
ACC00000630,BANK6,CITY0,DEV0000630,DEV9000630
ACC00000631,BANK7,CITY1,DEV0000631,DEV9000631
ACC00000632,BANK0,CITY2,DEV0000632,DEV9000632
ACC00000633,BANK1,CITY3,DEV0000633,DEV9000633
ACC00000634,BANK2,CITY4,DEV0000634,DEV9000634
ACC00000635,BANK3,CITY5,DEV0000635,DEV9000635
ACC00000636,BANK4,CITY6,DEV0000636,DEV9000636
ACC00000637,BANK5,CITY7,DEV0000637,DEV9000637
ACC00000638,BANK6,CITY8,DEV0000638,DEV9000638
ACC00000639,BANK7,CITY9,DEV0000639,DEV9000639
ACC00000640,BANK0,CITY0,DEV0000640,DEV9000640
ACC00000641,BANK1,CITY1,DEV0000641,DEV9000641
ACC00000642,BANK2,CITY2,DEV0000642,DEV9000642
ACC00000643,BANK3,CITY3,DEV0000643,DEV9000643
ACC00000644,BANK4,CITY4,DEV0000644,DEV9000644
ACC00000645,BANK5,CITY5,DEV0000645,DEV9000645
ACC00000646,BANK6,CITY6,DEV0000646,DEV9000646
ACC00000647,BANK7,CITY7,DEV0000647,DEV9000647
ACC00000648,BANK0,CITY8,DEV0000648,DEV9000648
ACC00000649,BANK1,CITY9,DEV0000649,DEV9000649
ACC00000650,BANK2,CITY0,DEV0000650,DEV9000650
ACC00000651,BANK3,CITY1,DEV0000651,DEV9000651
ACC00000652,BANK4,CITY2,DEV0000652,DEV9000652
ACC00000653,BANK5,CITY3,DEV0000653,DEV9000653
ACC00000654,BANK6,CITY4,DEV0000654,DEV9000654
ACC00000655,BANK7,CITY5,DEV0000655,DEV9000655
ACC00000656,BANK0,CITY6,DEV0000656,DEV9000656
ACC00000657,BANK1,CITY7,DEV0000657,DEV9000657
ACC00000658,BANK2,CITY8,DEV0000658,DEV9000658
ACC00000659,BANK3,CITY9,DEV0000659,DEV9000659
ACC00000660,BANK4,CITY0,DEV0000660,DEV9000660
ACC00000661,BANK5,CITY1,DEV0000661,DEV9000661
ACC00000662,BANK6,CITY2,DEV0000662,DEV9000662
ACC00000663,BANK7,CITY3,DEV0000663,DEV9000663
ACC00000664,BANK0,CITY4,DEV0000664,DEV9000664
ACC00000665,BANK1,CITY5,DEV0000665,DEV9000665
ACC00000666,BANK2,CITY6,DEV0000666,DEV9000666
ACC00000667,BANK3,CITY7,DEV0000667,DEV9000667
ACC00000668,BANK4,CITY8,DEV0000668,DEV9000668
ACC00000669,BANK5,CITY9,DEV0000669,DEV9000669
ACC00000670,BANK6,CITY0,DEV0000670,DEV9000670
ACC00000671,BANK7,CITY1,DEV0000671,DEV9000671
ACC00000672,BANK0,CITY2,DEV0000672,DEV9000672
ACC00000673,BANK1,CITY3,DEV0000673,DEV9000673
ACC00000674,BANK2,CITY4,DEV0000674,DEV9000674
ACC00000675,BANK3,CITY5,DEV0000675,DEV9000675
ACC00000676,BANK4,CITY6,DEV0000676,DEV9000676
ACC00000677,BANK5,CITY7,DEV0000677,DEV9000677
ACC00000678,BANK6,CITY8,DEV0000678,DEV9000678
ACC00000679,BANK7,CITY9,DEV0000679,DEV9000679
ACC00000680,BANK0,CITY0,DEV0000680,DEV9000680
ACC00000681,BANK1,CITY1,DEV0000681,DEV9000681
ACC00000682,BANK2,CITY2,DEV0000682,DEV9000682
ACC00000683,BANK3,CITY3,DEV0000683,DEV9000683
ACC00000684,BANK4,CITY4,DEV0000684,DEV9000684
ACC00000685,BANK5,CITY5,DEV0000685,DEV9000685
ACC00000686,BANK6,CITY6,DEV0000686,DEV9000686
ACC00000687,BANK7,CITY7,DEV0000687,DEV9000687
ACC00000688,BANK0,CITY8,DEV0000688,DEV9000688
ACC00000689,BANK1,CITY9,DEV0000689,DEV9000689
ACC00000690,BANK2,CITY0,DEV0000690,DEV9000690
ACC00000691,BANK3,CITY1,DEV0000691,DEV9000691
ACC00000692,BANK4,CITY2,DEV0000692,DEV9000692
ACC00000693,BANK5,CITY3,DEV0000693,DEV9000693
ACC00000694,BANK6,CITY4,DEV0000694,DEV9000694
ACC00000695,BANK7,CITY5,DEV0000695,DEV9000695
ACC00000696,BANK0,CITY6,DEV0000696,DEV9000696
ACC00000697,BANK1,CITY7,DEV0000697,DEV9000697
ACC00000698,BANK2,CITY8,DEV0000698,DEV9000698
ACC00000699,BANK3,CITY9,DEV0000699,DEV9000699
ACC00000700,BANK4,CITY0,DEV0000700,DEV9000700
ACC00000701,BANK5,CITY1,DEV0000701,DEV9000701
ACC00000702,BANK6,CITY2,DEV0000702,DEV9000702
ACC00000703,BANK7,CITY3,DEV0000703,DEV9000703
ACC00000704,BANK0,CITY4,DEV0000704,DEV9000704
ACC00000705,BANK1,CITY5,DEV0000705,DEV9000705
ACC00000706,BANK2,CITY6,DEV0000706,DEV9000706
ACC00000707,BANK3,CITY7,DEV0000707,DEV9000707
ACC00000708,BANK4,CITY8,DEV0000708,DEV9000708
ACC00000709,BANK5,CITY9,DEV0000709,DEV9000709
ACC00000710,BANK6,CITY0,DEV0000710,DEV9000710
ACC00000711,BANK7,CITY1,DEV0000711,DEV9000711
ACC00000712,BANK0,CITY2,DEV0000712,DEV9000712
ACC00000713,BANK1,CITY3,DEV0000713,DEV9000713
ACC00000714,BANK2,CITY4,DEV0000714,DEV9000714
ACC00000715,BANK3,CITY5,DEV0000715,DEV9000715
ACC00000716,BANK4,CITY6,DEV0000716,DEV9000716
ACC00000717,BANK5,CITY7,DEV0000717,DEV9000717
ACC00000718,BANK6,CITY8,DEV0000718,DEV9000718
ACC00000719,BANK7,CITY9,DEV0000719,DEV9000719
ACC00000720,BANK0,CITY0,DEV0000720,DEV9000720
ACC00000721,BANK1,CITY1,DEV0000721,DEV9000721
ACC00000722,BANK2,CITY2,DEV0000722,DEV9000722
ACC00000723,BANK3,CITY3,DEV0000723,DEV9000723
ACC00000724,BANK4,CITY4,DEV0000724,DEV9000724
ACC00000725,BANK5,CITY5,DEV0000725,DEV9000725
ACC00000726,BANK6,CITY6,DEV0000726,DEV9000726
ACC00000727,BANK7,CITY7,DEV0000727,DEV9000727
ACC00000728,BANK0,CITY8,DEV0000728,DEV9000728
ACC00000729,BANK1,CITY9,DEV0000729,DEV9000729
ACC00000730,BANK2,CITY0,DEV0000730,DEV9000730
ACC00000731,BANK3,CITY1,DEV0000731,DEV9000731
ACC00000732,BANK4,CITY2,DEV0000732,DEV9000732
ACC00000733,BANK5,CITY3,DEV0000733,DEV9000733
ACC00000734,BANK6,CITY4,DEV0000734,DEV9000734
ACC00000735,BANK7,CITY5,DEV0000735,DEV9000735
ACC00000736,BANK0,CITY6,DEV0000736,DEV9000736
ACC00000737,BANK1,CITY7,DEV0000737,DEV9000737
ACC00000738,BANK2,CITY8,DEV0000738,DEV9000738
ACC00000739,BANK3,CITY9,DEV0000739,DEV9000739
ACC00000740,BANK4,CITY0,DEV0000740,DEV9000740
ACC00000741,BANK5,CITY1,DEV0000741,DEV9000741
ACC00000742,BANK6,CITY2,DEV0000742,DEV9000742
ACC00000743,BANK7,CITY3,DEV0000743,DEV9000743
ACC00000744,BANK0,CITY4,DEV0000744,DEV9000744
ACC00000745,BANK1,CITY5,DEV0000745,DEV9000745
ACC00000746,BANK2,CITY6,DEV0000746,DEV9000746
ACC00000747,BANK3,CITY7,DEV0000747,DEV9000747
ACC00000748,BANK4,CITY8,DEV0000748,DEV9000748
ACC00000749,BANK5,CITY9,DEV0000749,DEV9000749
ACC00000750,BANK6,CITY0,DEV0000750,DEV9000750
ACC00000751,BANK7,CITY1,DEV0000751,DEV9000751
ACC00000752,BANK0,CITY2,DEV0000752,DEV9000752
ACC00000753,BANK1,CITY3,DEV0000753,DEV9000753
ACC00000754,BANK2,CITY4,DEV0000754,DEV9000754
ACC00000755,BANK3,CITY5,DEV0000755,DEV9000755
ACC00000756,BANK4,CITY6,DEV0000756,DEV9000756
ACC00000757,BANK5,CITY7,DEV0000757,DEV9000757
ACC00000758,BANK6,CITY8,DEV0000758,DEV9000758
ACC00000759,BANK7,CITY9,DEV0000759,DEV9000759
ACC00000760,BANK0,CITY0,DEV0000760,DEV9000760
ACC00000761,BANK1,CITY1,DEV0000761,DEV9000761
ACC00000762,BANK2,CITY2,DEV0000762,DEV9000762
ACC00000763,BANK3,CITY3,DEV0000763,DEV9000763
ACC00000764,BANK4,CITY4,DEV0000764,DEV9000764
ACC00000765,BANK5,CITY5,DEV0000765,DEV9000765
ACC00000766,BANK6,CITY6,DEV0000766,DEV9000766
ACC00000767,BANK7,CITY7,DEV0000767,DEV9000767
ACC00000768,BANK0,CITY8,DEV0000768,DEV9000768
ACC00000769,BANK1,CITY9,DEV0000769,DEV9000769
ACC00000770,BANK2,CITY0,DEV0000770,DEV9000770
ACC00000771,BANK3,CITY1,DEV0000771,DEV9000771
ACC00000772,BANK4,CITY2,DEV0000772,DEV9000772
ACC00000773,BANK5,CITY3,DEV0000773,DEV9000773
ACC00000774,BANK6,CITY4,DEV0000774,DEV9000774
ACC00000775,BANK7,CITY5,DEV0000775,DEV9000775
ACC00000776,BANK0,CITY6,DEV0000776,DEV9000776
ACC00000777,BANK1,CITY7,DEV0000777,DEV9000777
ACC00000778,BANK2,CITY8,DEV0000778,DEV9000778
ACC00000779,BANK3,CITY9,DEV0000779,DEV9000779
ACC00000780,BANK4,CITY0,DEV0000780,DEV9000780
ACC00000781,BANK5,CITY1,DEV0000781,DEV9000781
ACC00000782,BANK6,CITY2,DEV0000782,DEV9000782
ACC00000783,BANK7,CITY3,DEV0000783,DEV9000783
ACC00000784,BANK0,CITY4,DEV0000784,DEV9000784
ACC00000785,BANK1,CITY5,DEV0000785,DEV9000785
ACC00000786,BANK2,CITY6,DEV0000786,DEV9000786
ACC00000787,BANK3,CITY7,DEV0000787,DEV9000787
ACC00000788,BANK4,CITY8,DEV0000788,DEV9000788
ACC00000789,BANK5,CITY9,DEV0000789,DEV9000789
ACC00000790,BANK6,CITY0,DEV0000790,DEV9000790
ACC00000791,BANK7,CITY1,DEV0000791,DEV9000791
ACC00000792,BANK0,CITY2,DEV0000792,DEV9000792
ACC00000793,BANK1,CITY3,DEV0000793,DEV9000793
ACC00000794,BANK2,CITY4,DEV0000794,DEV9000794
ACC00000795,BANK3,CITY5,DEV0000795,DEV9000795
ACC00000796,BANK4,CITY6,DEV0000796,DEV9000796
ACC00000797,BANK5,CITY7,DEV0000797,DEV9000797
ACC00000798,BANK6,CITY8,DEV0000798,DEV9000798
ACC00000799,BANK7,CITY9,DEV0000799,DEV9000799
ACC00000800,BANK0,CITY0,DEV0000800,DEV9000800
ACC00000801,BANK1,CITY1,DEV0000801,DEV9000801
ACC00000802,BANK2,CITY2,DEV0000802,DEV9000802
ACC00000803,BANK3,CITY3,DEV0000803,DEV9000803
ACC00000804,BANK4,CITY4,DEV0000804,DEV9000804
ACC00000805,BANK5,CITY5,DEV0000805,DEV9000805
ACC00000806,BANK6,CITY6,DEV0000806,DEV9000806
ACC00000807,BANK7,CITY7,DEV0000807,DEV9000807
ACC00000808,BANK0,CITY8,DEV0000808,DEV9000808
ACC00000809,BANK1,CITY9,DEV0000809,DEV9000809
ACC00000810,BANK2,CITY0,DEV0000810,DEV9000810
ACC00000811,BANK3,CITY1,DEV0000811,DEV9000811
ACC00000812,BANK4,CITY2,DEV0000812,DEV9000812
ACC00000813,BANK5,CITY3,DEV0000813,DEV9000813
ACC00000814,BANK6,CITY4,DEV0000814,DEV9000814
ACC00000815,BANK7,CITY5,DEV0000815,DEV9000815
ACC00000816,BANK0,CITY6,DEV0000816,DEV9000816
ACC00000817,BANK1,CITY7,DEV0000817,DEV9000817
ACC00000818,BANK2,CITY8,DEV0000818,DEV9000818
ACC00000819,BANK3,CITY9,DEV0000819,DEV9000819
ACC00000820,BANK4,CITY0,DEV0000820,DEV9000820
ACC00000821,BANK5,CITY1,DEV0000821,DEV9000821
ACC00000822,BANK6,CITY2,DEV0000822,DEV9000822
ACC00000823,BANK7,CITY3,DEV0000823,DEV9000823
ACC00000824,BANK0,CITY4,DEV0000824,DEV9000824
ACC00000825,BANK1,CITY5,DEV0000825,DEV9000825
ACC00000826,BANK2,CITY6,DEV0000826,DEV9000826
ACC00000827,BANK3,CITY7,DEV0000827,DEV9000827
ACC00000828,BANK4,CITY8,DEV0000828,DEV9000828
ACC00000829,BANK5,CITY9,DEV0000829,DEV9000829
ACC00000830,BANK6,CITY0,DEV0000830,DEV9000830
ACC00000831,BANK7,CITY1,DEV0000831,DEV9000831
ACC00000832,BANK0,CITY2,DEV0000832,DEV9000832
ACC00000833,BANK1,CITY3,DEV0000833,DEV9000833
ACC00000834,BANK2,CITY4,DEV0000834,DEV9000834
ACC00000835,BANK3,CITY5,DEV0000835,DEV9000835
ACC00000836,BANK4,CITY6,DEV0000836,DEV9000836
ACC00000837,BANK5,CITY7,DEV0000837,DEV9000837
ACC00000838,BANK6,CITY8,DEV0000838,DEV9000838
ACC00000839,BANK7,CITY9,DEV0000839,DEV9000839
ACC00000840,BANK0,CITY0,DEV0000840,DEV9000840
ACC00000841,BANK1,CITY1,DEV0000841,DEV9000841
ACC00000842,BANK2,CITY2,DEV0000842,DEV9000842
ACC00000843,BANK3,CITY3,DEV0000843,DEV9000843
ACC00000844,BANK4,CITY4,DEV0000844,DEV9000844
ACC00000845,BANK5,CITY5,DEV0000845,DEV9000845
ACC00000846,BANK6,CITY6,DEV0000846,DEV9000846
ACC00000847,BANK7,CITY7,DEV0000847,DEV9000847
ACC00000848,BANK0,CITY8,DEV0000848,DEV9000848
ACC00000849,BANK1,CITY9,DEV0000849,DEV9000849
ACC00000850,BANK2,CITY0,DEV0000850,DEV9000850
ACC00000851,BANK3,CITY1,DEV0000851,DEV9000851
ACC00000852,BANK4,CITY2,DEV0000852,DEV9000852
ACC00000853,BANK5,CITY3,DEV0000853,DEV9000853
ACC00000854,BANK6,CITY4,DEV0000854,DEV9000854
ACC00000855,BANK7,CITY5,DEV0000855,DEV9000855
ACC00000856,BANK0,CITY6,DEV0000856,DEV9000856
ACC00000857,BANK1,CITY7,DEV0000857,DEV9000857
ACC00000858,BANK2,CITY8,DEV0000858,DEV9000858
ACC00000859,BANK3,CITY9,DEV0000859,DEV9000859
ACC00000860,BANK4,CITY0,DEV0000860,DEV9000860
ACC00000861,BANK5,CITY1,DEV0000861,DEV9000861
ACC00000862,BANK6,CITY2,DEV0000862,DEV9000862
ACC00000863,BANK7,CITY3,DEV0000863,DEV9000863
ACC00000864,BANK0,CITY4,DEV0000864,DEV9000864
ACC00000865,BANK1,CITY5,DEV0000865,DEV9000865
ACC00000866,BANK2,CITY6,DEV0000866,DEV9000866
ACC00000867,BANK3,CITY7,DEV0000867,DEV9000867
ACC00000868,BANK4,CITY8,DEV0000868,DEV9000868
ACC00000869,BANK5,CITY9,DEV0000869,DEV9000869
ACC00000870,BANK6,CITY0,DEV0000870,DEV9000870
ACC00000871,BANK7,CITY1,DEV0000871,DEV9000871
ACC00000872,BANK0,CITY2,DEV0000872,DEV9000872
ACC00000873,BANK1,CITY3,DEV0000873,DEV9000873
ACC00000874,BANK2,CITY4,DEV0000874,DEV9000874
ACC00000875,BANK3,CITY5,DEV0000875,DEV9000875
ACC00000876,BANK4,CITY6,DEV0000876,DEV9000876
ACC00000877,BANK5,CITY7,DEV0000877,DEV9000877
ACC00000878,BANK6,CITY8,DEV0000878,DEV9000878
ACC00000879,BANK7,CITY9,DEV0000879,DEV9000879
ACC00000880,BANK0,CITY0,DEV0000880,DEV9000880
ACC00000881,BANK1,CITY1,DEV0000881,DEV9000881
ACC00000882,BANK2,CITY2,DEV0000882,DEV9000882
ACC00000883,BANK3,CITY3,DEV0000883,DEV9000883
ACC00000884,BANK4,CITY4,DEV0000884,DEV9000884
ACC00000885,BANK5,CITY5,DEV0000885,DEV9000885
ACC00000886,BANK6,CITY6,DEV0000886,DEV9000886
ACC00000887,BANK7,CITY7,DEV0000887,DEV9000887
ACC00000888,BANK0,CITY8,DEV0000888,DEV9000888
ACC00000889,BANK1,CITY9,DEV0000889,DEV9000889
ACC00000890,BANK2,CITY0,DEV0000890,DEV9000890
ACC00000891,BANK3,CITY1,DEV0000891,DEV9000891
ACC00000892,BANK4,CITY2,DEV0000892,DEV9000892
ACC00000893,BANK5,CITY3,DEV0000893,DEV9000893
ACC00000894,BANK6,CITY4,DEV0000894,DEV9000894
ACC00000895,BANK7,CITY5,DEV0000895,DEV9000895
ACC00000896,BANK0,CITY6,DEV0000896,DEV9000896
ACC00000897,BANK1,CITY7,DEV0000897,DEV9000897
ACC00000898,BANK2,CITY8,DEV0000898,DEV9000898
ACC00000899,BANK3,CITY9,DEV0000899,DEV9000899
ACC00000900,BANK4,CITY0,DEV0000900,DEV9000900
ACC00000901,BANK5,CITY1,DEV0000901,DEV9000901
ACC00000902,BANK6,CITY2,DEV0000902,DEV9000902
ACC00000903,BANK7,CITY3,DEV0000903,DEV9000903
ACC00000904,BANK0,CITY4,DEV0000904,DEV9000904
ACC00000905,BANK1,CITY5,DEV0000905,DEV9000905
ACC00000906,BANK2,CITY6,DEV0000906,DEV9000906
ACC00000907,BANK3,CITY7,DEV0000907,DEV9000907
ACC00000908,BANK4,CITY8,DEV0000908,DEV9000908
ACC00000909,BANK5,CITY9,DEV0000909,DEV9000909
ACC00000910,BANK6,CITY0,DEV0000910,DEV9000910
ACC00000911,BANK7,CITY1,DEV0000911,DEV9000911
ACC00000912,BANK0,CITY2,DEV0000912,DEV9000912
ACC00000913,BANK1,CITY3,DEV0000913,DEV9000913
ACC00000914,BANK2,CITY4,DEV0000914,DEV9000914
ACC00000915,BANK3,CITY5,DEV0000915,DEV9000915
ACC00000916,BANK4,CITY6,DEV0000916,DEV9000916
ACC00000917,BANK5,CITY7,DEV0000917,DEV9000917
ACC00000918,BANK6,CITY8,DEV0000918,DEV9000918
ACC00000919,BANK7,CITY9,DEV0000919,DEV9000919
ACC00000920,BANK0,CITY0,DEV0000920,DEV9000920
ACC00000921,BANK1,CITY1,DEV0000921,DEV9000921
ACC00000922,BANK2,CITY2,DEV0000922,DEV9000922
ACC00000923,BANK3,CITY3,DEV0000923,DEV9000923
ACC00000924,BANK4,CITY4,DEV0000924,DEV9000924
ACC00000925,BANK5,CITY5,DEV0000925,DEV9000925
ACC00000926,BANK6,CITY6,DEV0000926,DEV9000926
ACC00000927,BANK7,CITY7,DEV0000927,DEV9000927
ACC00000928,BANK0,CITY8,DEV0000928,DEV9000928
ACC00000929,BANK1,CITY9,DEV0000929,DEV9000929
ACC00000930,BANK2,CITY0,DEV0000930,DEV9000930
ACC00000931,BANK3,CITY1,DEV0000931,DEV9000931
ACC00000932,BANK4,CITY2,DEV0000932,DEV9000932
ACC00000933,BANK5,CITY3,DEV0000933,DEV9000933
ACC00000934,BANK6,CITY4,DEV0000934,DEV9000934
ACC00000935,BANK7,CITY5,DEV0000935,DEV9000935
ACC00000936,BANK0,CITY6,DEV0000936,DEV9000936
ACC00000937,BANK1,CITY7,DEV0000937,DEV9000937
ACC00000938,BANK2,CITY8,DEV0000938,DEV9000938
ACC00000939,BANK3,CITY9,DEV0000939,DEV9000939
ACC00000940,BANK4,CITY0,DEV0000940,DEV9000940
ACC00000941,BANK5,CITY1,DEV0000941,DEV9000941
ACC00000942,BANK6,CITY2,DEV0000942,DEV9000942
ACC00000943,BANK7,CITY3,DEV0000943,DEV9000943
ACC00000944,BANK0,CITY4,DEV0000944,DEV9000944
ACC00000945,BANK1,CITY5,DEV0000945,DEV9000945
ACC00000946,BANK2,CITY6,DEV0000946,DEV9000946
ACC00000947,BANK3,CITY7,DEV0000947,DEV9000947
ACC00000948,BANK4,CITY8,DEV0000948,DEV9000948
ACC00000949,BANK5,CITY9,DEV0000949,DEV9000949
ACC00000950,BANK6,CITY0,DEV0000950,DEV9000950
ACC00000951,BANK7,CITY1,DEV0000951,DEV9000951
ACC00000952,BANK0,CITY2,DEV0000952,DEV9000952
ACC00000953,BANK1,CITY3,DEV0000953,DEV9000953
ACC00000954,BANK2,CITY4,DEV0000954,DEV9000954
ACC00000955,BANK3,CITY5,DEV0000955,DEV9000955
ACC00000956,BANK4,CITY6,DEV0000956,DEV9000956
ACC00000957,BANK5,CITY7,DEV0000957,DEV9000957
ACC00000958,BANK6,CITY8,DEV0000958,DEV9000958
ACC00000959,BANK7,CITY9,DEV0000959,DEV9000959
ACC00000960,BANK0,CITY0,DEV0000960,DEV9000960
ACC00000961,BANK1,CITY1,DEV0000961,DEV9000961
ACC00000962,BANK2,CITY2,DEV0000962,DEV9000962
ACC00000963,BANK3,CITY3,DEV0000963,DEV9000963
ACC00000964,BANK4,CITY4,DEV0000964,DEV9000964
ACC00000965,BANK5,CITY5,DEV0000965,DEV9000965
ACC00000966,BANK6,CITY6,DEV0000966,DEV9000966
ACC00000967,BANK7,CITY7,DEV0000967,DEV9000967
ACC00000968,BANK0,CITY8,DEV0000968,DEV9000968
ACC00000969,BANK1,CITY9,DEV0000969,DEV9000969
ACC00000970,BANK2,CITY0,DEV0000970,DEV9000970
ACC00000971,BANK3,CITY1,DEV0000971,DEV9000971
ACC00000972,BANK4,CITY2,DEV0000972,DEV9000972
ACC00000973,BANK5,CITY3,DEV0000973,DEV9000973
ACC00000974,BANK6,CITY4,DEV0000974,DEV9000974
ACC00000975,BANK7,CITY5,DEV0000975,DEV9000975
ACC00000976,BANK0,CITY6,DEV0000976,DEV9000976
ACC00000977,BANK1,CITY7,DEV0000977,DEV9000977
ACC00000978,BANK2,CITY8,DEV0000978,DEV9000978
ACC00000979,BANK3,CITY9,DEV0000979,DEV9000979
ACC00000980,BANK4,CITY0,DEV0000980,DEV9000980
ACC00000981,BANK5,CITY1,DEV0000981,DEV9000981
ACC00000982,BANK6,CITY2,DEV0000982,DEV9000982
ACC00000983,BANK7,CITY3,DEV0000983,DEV9000983
ACC00000984,BANK0,CITY4,DEV0000984,DEV9000984
ACC00000985,BANK1,CITY5,DEV0000985,DEV9000985
ACC00000986,BANK2,CITY6,DEV0000986,DEV9000986
ACC00000987,BANK3,CITY7,DEV0000987,DEV9000987
ACC00000988,BANK4,CITY8,DEV0000988,DEV9000988
ACC00000989,BANK5,CITY9,DEV0000989,DEV9000989
ACC00000990,BANK6,CITY0,DEV0000990,DEV9000990
ACC00000991,BANK7,CITY1,DEV0000991,DEV9000991
ACC00000992,BANK0,CITY2,DEV0000992,DEV9000992
ACC00000993,BANK1,CITY3,DEV0000993,DEV9000993
ACC00000994,BANK2,CITY4,DEV0000994,DEV9000994
ACC00000995,BANK3,CITY5,DEV0000995,DEV9000995
ACC00000996,BANK4,CITY6,DEV0000996,DEV9000996
ACC00000997,BANK5,CITY7,DEV0000997,DEV9000997
ACC00000998,BANK6,CITY8,DEV0000998,DEV9000998
ACC00000999,BANK7,CITY9,DEV0000999,DEV9000999
ACC00001000,BANK0,CITY0,DEV0001000,DEV9001000
ACC00001001,BANK1,CITY1,DEV0001001,DEV9001001
ACC00001002,BANK2,CITY2,DEV0001002,DEV9001002
ACC00001003,BANK3,CITY3,DEV0001003,DEV9001003
ACC00001004,BANK4,CITY4,DEV0001004,DEV9001004
ACC00001005,BANK5,CITY5,DEV0001005,DEV9001005
ACC00001006,BANK6,CITY6,DEV0001006,DEV9001006
ACC00001007,BANK7,CITY7,DEV0001007,DEV9001007
ACC00001008,BANK0,CITY8,DEV0001008,DEV9001008
ACC00001009,BANK1,CITY9,DEV0001009,DEV9001009
ACC00001010,BANK2,CITY0,DEV0001010,DEV9001010
ACC00001011,BANK3,CITY1,DEV0001011,DEV9001011
ACC00001012,BANK4,CITY2,DEV0001012,DEV9001012
ACC00001013,BANK5,CITY3,DEV0001013,DEV9001013
ACC00001014,BANK6,CITY4,DEV0001014,DEV9001014
ACC00001015,BANK7,CITY5,DEV0001015,DEV9001015
ACC00001016,BANK0,CITY6,DEV0001016,DEV9001016
ACC00001017,BANK1,CITY7,DEV0001017,DEV9001017
ACC00001018,BANK2,CITY8,DEV0001018,DEV9001018
ACC00001019,BANK3,CITY9,DEV0001019,DEV9001019
ACC00001020,BANK4,CITY0,DEV0001020,DEV9001020
ACC00001021,BANK5,CITY1,DEV0001021,DEV9001021
ACC00001022,BANK6,CITY2,DEV0001022,DEV9001022
ACC00001023,BANK7,CITY3,DEV0001023,DEV9001023
ACC00001024,BANK0,CITY4,DEV0001024,DEV9001024
ACC00001025,BANK1,CITY5,DEV0001025,DEV9001025
ACC00001026,BANK2,CITY6,DEV0001026,DEV9001026
ACC00001027,BANK3,CITY7,DEV0001027,DEV9001027
ACC00001028,BANK4,CITY8,DEV0001028,DEV9001028
ACC00001029,BANK5,CITY9,DEV0001029,DEV9001029
ACC00001030,BANK6,CITY0,DEV0001030,DEV9001030
ACC00001031,BANK7,CITY1,DEV0001031,DEV9001031
ACC00001032,BANK0,CITY2,DEV0001032,DEV9001032
ACC00001033,BANK1,CITY3,DEV0001033,DEV9001033
ACC00001034,BANK2,CITY4,DEV0001034,DEV9001034
ACC00001035,BANK3,CITY5,DEV0001035,DEV9001035
ACC00001036,BANK4,CITY6,DEV0001036,DEV9001036
ACC00001037,BANK5,CITY7,DEV0001037,DEV9001037
ACC00001038,BANK6,CITY8,DEV0001038,DEV9001038
ACC00001039,BANK7,CITY9,DEV0001039,DEV9001039
ACC00001040,BANK0,CITY0,DEV0001040,DEV9001040
ACC00001041,BANK1,CITY1,DEV0001041,DEV9001041
ACC00001042,BANK2,CITY2,DEV0001042,DEV9001042
ACC00001043,BANK3,CITY3,DEV0001043,DEV9001043
ACC00001044,BANK4,CITY4,DEV0001044,DEV9001044
ACC00001045,BANK5,CITY5,DEV0001045,DEV9001045
ACC00001046,BANK6,CITY6,DEV0001046,DEV9001046
ACC00001047,BANK7,CITY7,DEV0001047,DEV9001047
ACC00001048,BANK0,CITY8,DEV0001048,DEV9001048
ACC00001049,BANK1,CITY9,DEV0001049,DEV9001049
ACC00001050,BANK2,CITY0,DEV0001050,DEV9001050
ACC00001051,BANK3,CITY1,DEV0001051,DEV9001051
ACC00001052,BANK4,CITY2,DEV0001052,DEV9001052
ACC00001053,BANK5,CITY3,DEV0001053,DEV9001053
ACC00001054,BANK6,CITY4,DEV0001054,DEV9001054
ACC00001055,BANK7,CITY5,DEV0001055,DEV9001055
ACC00001056,BANK0,CITY6,DEV0001056,DEV9001056
ACC00001057,BANK1,CITY7,DEV0001057,DEV9001057
ACC00001058,BANK2,CITY8,DEV0001058,DEV9001058
ACC00001059,BANK3,CITY9,DEV0001059,DEV9001059
ACC00001060,BANK4,CITY0,DEV0001060,DEV9001060
ACC00001061,BANK5,CITY1,DEV0001061,DEV9001061
ACC00001062,BANK6,CITY2,DEV0001062,DEV9001062
ACC00001063,BANK7,CITY3,DEV0001063,DEV9001063
ACC00001064,BANK0,CITY4,DEV0001064,DEV9001064
ACC00001065,BANK1,CITY5,DEV0001065,DEV9001065
ACC00001066,BANK2,CITY6,DEV0001066,DEV9001066
ACC00001067,BANK3,CITY7,DEV0001067,DEV9001067
ACC00001068,BANK4,CITY8,DEV0001068,DEV9001068
ACC00001069,BANK5,CITY9,DEV0001069,DEV9001069
ACC00001070,BANK6,CITY0,DEV0001070,DEV9001070
ACC00001071,BANK7,CITY1,DEV0001071,DEV9001071
ACC00001072,BANK0,CITY2,DEV0001072,DEV9001072
ACC00001073,BANK1,CITY3,DEV0001073,DEV9001073
ACC00001074,BANK2,CITY4,DEV0001074,DEV9001074
ACC00001075,BANK3,CITY5,DEV0001075,DEV9001075
ACC00001076,BANK4,CITY6,DEV0001076,DEV9001076
ACC00001077,BANK5,CITY7,DEV0001077,DEV9001077
ACC00001078,BANK6,CITY8,DEV0001078,DEV9001078
ACC00001079,BANK7,CITY9,DEV0001079,DEV9001079
ACC00001080,BANK0,CITY0,DEV0001080,DEV9001080
ACC00001081,BANK1,CITY1,DEV0001081,DEV9001081
ACC00001082,BANK2,CITY2,DEV0001082,DEV9001082
ACC00001083,BANK3,CITY3,DEV0001083,DEV9001083
ACC00001084,BANK4,CITY4,DEV0001084,DEV9001084
ACC00001085,BANK5,CITY5,DEV0001085,DEV9001085
ACC00001086,BANK6,CITY6,DEV0001086,DEV9001086
ACC00001087,BANK7,CITY7,DEV0001087,DEV9001087
ACC00001088,BANK0,CITY8,DEV0001088,DEV9001088
ACC00001089,BANK1,CITY9,DEV0001089,DEV9001089
ACC00001090,BANK2,CITY0,DEV0001090,DEV9001090
ACC00001091,BANK3,CITY1,DEV0001091,DEV9001091
ACC00001092,BANK4,CITY2,DEV0001092,DEV9001092
ACC00001093,BANK5,CITY3,DEV0001093,DEV9001093
ACC00001094,BANK6,CITY4,DEV0001094,DEV9001094
ACC00001095,BANK7,CITY5,DEV0001095,DEV9001095
ACC00001096,BANK0,CITY6,DEV0001096,DEV9001096
ACC00001097,BANK1,CITY7,DEV0001097,DEV9001097
ACC00001098,BANK2,CITY8,DEV0001098,DEV9001098
ACC00001099,BANK3,CITY9,DEV0001099,DEV9001099
ACC00001100,BANK4,CITY0,DEV0001100,DEV9001100
ACC00001101,BANK5,CITY1,DEV0001101,DEV9001101
ACC00001102,BANK6,CITY2,DEV0001102,DEV9001102
ACC00001103,BANK7,CITY3,DEV0001103,DEV9001103
ACC00001104,BANK0,CITY4,DEV0001104,DEV9001104
ACC00001105,BANK1,CITY5,DEV0001105,DEV9001105
ACC00001106,BANK2,CITY6,DEV0001106,DEV9001106
ACC00001107,BANK3,CITY7,DEV0001107,DEV9001107
ACC00001108,BANK4,CITY8,DEV0001108,DEV9001108
ACC00001109,BANK5,CITY9,DEV0001109,DEV9001109
ACC00001110,BANK6,CITY0,DEV0001110,DEV9001110
ACC00001111,BANK7,CITY1,DEV0001111,DEV9001111
ACC00001112,BANK0,CITY2,DEV0001112,DEV9001112
ACC00001113,BANK1,CITY3,DEV0001113,DEV9001113
ACC00001114,BANK2,CITY4,DEV0001114,DEV9001114
ACC00001115,BANK3,CITY5,DEV0001115,DEV9001115
ACC00001116,BANK4,CITY6,DEV0001116,DEV9001116
ACC00001117,BANK5,CITY7,DEV0001117,DEV9001117
ACC00001118,BANK6,CITY8,DEV0001118,DEV9001118
ACC00001119,BANK7,CITY9,DEV0001119,DEV9001119
ACC00001120,BANK0,CITY0,DEV0001120,DEV9001120
ACC00001121,BANK1,CITY1,DEV0001121,DEV9001121
ACC00001122,BANK2,CITY2,DEV0001122,DEV9001122
ACC00001123,BANK3,CITY3,DEV0001123,DEV9001123
ACC00001124,BANK4,CITY4,DEV0001124,DEV9001124
ACC00001125,BANK5,CITY5,DEV0001125,DEV9001125
ACC00001126,BANK6,CITY6,DEV0001126,DEV9001126
ACC00001127,BANK7,CITY7,DEV0001127,DEV9001127
ACC00001128,BANK0,CITY8,DEV0001128,DEV9001128
ACC00001129,BANK1,CITY9,DEV0001129,DEV9001129
ACC00001130,BANK2,CITY0,DEV0001130,DEV9001130
ACC00001131,BANK3,CITY1,DEV0001131,DEV9001131
ACC00001132,BANK4,CITY2,DEV0001132,DEV9001132
ACC00001133,BANK5,CITY3,DEV0001133,DEV9001133
ACC00001134,BANK6,CITY4,DEV0001134,DEV9001134
ACC00001135,BANK7,CITY5,DEV0001135,DEV9001135
ACC00001136,BANK0,CITY6,DEV0001136,DEV9001136
ACC00001137,BANK1,CITY7,DEV0001137,DEV9001137
ACC00001138,BANK2,CITY8,DEV0001138,DEV9001138
ACC00001139,BANK3,CITY9,DEV0001139,DEV9001139
ACC00001140,BANK4,CITY0,DEV0001140,DEV9001140
ACC00001141,BANK5,CITY1,DEV0001141,DEV9001141
ACC00001142,BANK6,CITY2,DEV0001142,DEV9001142
ACC00001143,BANK7,CITY3,DEV0001143,DEV9001143
ACC00001144,BANK0,CITY4,DEV0001144,DEV9001144
ACC00001145,BANK1,CITY5,DEV0001145,DEV9001145
ACC00001146,BANK2,CITY6,DEV0001146,DEV9001146
ACC00001147,BANK3,CITY7,DEV0001147,DEV9001147
ACC00001148,BANK4,CITY8,DEV0001148,DEV9001148
ACC00001149,BANK5,CITY9,DEV0001149,DEV9001149
ACC00001150,BANK6,CITY0,DEV0001150,DEV9001150
ACC00001151,BANK7,CITY1,DEV0001151,DEV9001151
ACC00001152,BANK0,CITY2,DEV0001152,DEV9001152
ACC00001153,BANK1,CITY3,DEV0001153,DEV9001153
ACC00001154,BANK2,CITY4,DEV0001154,DEV9001154
ACC00001155,BANK3,CITY5,DEV0001155,DEV9001155
ACC00001156,BANK4,CITY6,DEV0001156,DEV9001156
ACC00001157,BANK5,CITY7,DEV0001157,DEV9001157
ACC00001158,BANK6,CITY8,DEV0001158,DEV9001158
ACC00001159,BANK7,CITY9,DEV0001159,DEV9001159
ACC00001160,BANK0,CITY0,DEV0001160,DEV9001160
ACC00001161,BANK1,CITY1,DEV0001161,DEV9001161
ACC00001162,BANK2,CITY2,DEV0001162,DEV9001162
ACC00001163,BANK3,CITY3,DEV0001163,DEV9001163
ACC00001164,BANK4,CITY4,DEV0001164,DEV9001164
ACC00001165,BANK5,CITY5,DEV0001165,DEV9001165
ACC00001166,BANK6,CITY6,DEV0001166,DEV9001166
ACC00001167,BANK7,CITY7,DEV0001167,DEV9001167
ACC00001168,BANK0,CITY8,DEV0001168,DEV9001168
ACC00001169,BANK1,CITY9,DEV0001169,DEV9001169
ACC00001170,BANK2,CITY0,DEV0001170,DEV9001170
ACC00001171,BANK3,CITY1,DEV0001171,DEV9001171
ACC00001172,BANK4,CITY2,DEV0001172,DEV9001172
ACC00001173,BANK5,CITY3,DEV0001173,DEV9001173
ACC00001174,BANK6,CITY4,DEV0001174,DEV9001174
ACC00001175,BANK7,CITY5,DEV0001175,DEV9001175
ACC00001176,BANK0,CITY6,DEV0001176,DEV9001176
ACC00001177,BANK1,CITY7,DEV0001177,DEV9001177
ACC00001178,BANK2,CITY8,DEV0001178,DEV9001178
ACC00001179,BANK3,CITY9,DEV0001179,DEV9001179
ACC00001180,BANK4,CITY0,DEV0001180,DEV9001180
ACC00001181,BANK5,CITY1,DEV0001181,DEV9001181
ACC00001182,BANK6,CITY2,DEV0001182,DEV9001182
ACC00001183,BANK7,CITY3,DEV0001183,DEV9001183
ACC00001184,BANK0,CITY4,DEV0001184,DEV9001184
ACC00001185,BANK1,CITY5,DEV0001185,DEV9001185
ACC00001186,BANK2,CITY6,DEV0001186,DEV9001186
ACC00001187,BANK3,CITY7,DEV0001187,DEV9001187
ACC00001188,BANK4,CITY8,DEV0001188,DEV9001188
ACC00001189,BANK5,CITY9,DEV0001189,DEV9001189
ACC00001190,BANK6,CITY0,DEV0001190,DEV9001190
ACC00001191,BANK7,CITY1,DEV0001191,DEV9001191
ACC00001192,BANK0,CITY2,DEV0001192,DEV9001192
ACC00001193,BANK1,CITY3,DEV0001193,DEV9001193
ACC00001194,BANK2,CITY4,DEV0001194,DEV9001194
ACC00001195,BANK3,CITY5,DEV0001195,DEV9001195
ACC00001196,BANK4,CITY6,DEV0001196,DEV9001196
ACC00001197,BANK5,CITY7,DEV0001197,DEV9001197
ACC00001198,BANK6,CITY8,DEV0001198,DEV9001198
ACC00001199,BANK7,CITY9,DEV0001199,DEV9001199
ACC00001200,BANK0,CITY0,DEV0001200,DEV9001200
ACC00001201,BANK1,CITY1,DEV0001201,DEV9001201
ACC00001202,BANK2,CITY2,DEV0001202,DEV9001202
ACC00001203,BANK3,CITY3,DEV0001203,DEV9001203
ACC00001204,BANK4,CITY4,DEV0001204,DEV9001204
ACC00001205,BANK5,CITY5,DEV0001205,DEV9001205
ACC00001206,BANK6,CITY6,DEV0001206,DEV9001206
ACC00001207,BANK7,CITY7,DEV0001207,DEV9001207
ACC00001208,BANK0,CITY8,DEV0001208,DEV9001208
ACC00001209,BANK1,CITY9,DEV0001209,DEV9001209
ACC00001210,BANK2,CITY0,DEV0001210,DEV9001210
ACC00001211,BANK3,CITY1,DEV0001211,DEV9001211
ACC00001212,BANK4,CITY2,DEV0001212,DEV9001212
ACC00001213,BANK5,CITY3,DEV0001213,DEV9001213
ACC00001214,BANK6,CITY4,DEV0001214,DEV9001214
ACC00001215,BANK7,CITY5,DEV0001215,DEV9001215
ACC00001216,BANK0,CITY6,DEV0001216,DEV9001216
ACC00001217,BANK1,CITY7,DEV0001217,DEV9001217
ACC00001218,BANK2,CITY8,DEV0001218,DEV9001218
ACC00001219,BANK3,CITY9,DEV0001219,DEV9001219
ACC00001220,BANK4,CITY0,DEV0001220,DEV9001220
ACC00001221,BANK5,CITY1,DEV0001221,DEV9001221
ACC00001222,BANK6,CITY2,DEV0001222,DEV9001222
ACC00001223,BANK7,CITY3,DEV0001223,DEV9001223
ACC00001224,BANK0,CITY4,DEV0001224,DEV9001224
ACC00001225,BANK1,CITY5,DEV0001225,DEV9001225
ACC00001226,BANK2,CITY6,DEV0001226,DEV9001226
ACC00001227,BANK3,CITY7,DEV0001227,DEV9001227
ACC00001228,BANK4,CITY8,DEV0001228,DEV9001228
ACC00001229,BANK5,CITY9,DEV0001229,DEV9001229
ACC00001230,BANK6,CITY0,DEV0001230,DEV9001230
ACC00001231,BANK7,CITY1,DEV0001231,DEV9001231
ACC00001232,BANK0,CITY2,DEV0001232,DEV9001232
ACC00001233,BANK1,CITY3,DEV0001233,DEV9001233
ACC00001234,BANK2,CITY4,DEV0001234,DEV9001234
ACC00001235,BANK3,CITY5,DEV0001235,DEV9001235
ACC00001236,BANK4,CITY6,DEV0001236,DEV9001236
ACC00001237,BANK5,CITY7,DEV0001237,DEV9001237
ACC00001238,BANK6,CITY8,DEV0001238,DEV9001238
ACC00001239,BANK7,CITY9,DEV0001239,DEV9001239
ACC00001240,BANK0,CITY0,DEV0001240,DEV9001240
ACC00001241,BANK1,CITY1,DEV0001241,DEV9001241
ACC00001242,BANK2,CITY2,DEV0001242,DEV9001242
ACC00001243,BANK3,CITY3,DEV0001243,DEV9001243
ACC00001244,BANK4,CITY4,DEV0001244,DEV9001244
ACC00001245,BANK5,CITY5,DEV0001245,DEV9001245
ACC00001246,BANK6,CITY6,DEV0001246,DEV9001246
ACC00001247,BANK7,CITY7,DEV0001247,DEV9001247
ACC00001248,BANK0,CITY8,DEV0001248,DEV9001248
ACC00001249,BANK1,CITY9,DEV0001249,DEV9001249
ACC00001250,BANK2,CITY0,DEV0001250,DEV9001250
ACC00001251,BANK3,CITY1,DEV0001251,DEV9001251
ACC00001252,BANK4,CITY2,DEV0001252,DEV9001252
ACC00001253,BANK5,CITY3,DEV0001253,DEV9001253
ACC00001254,BANK6,CITY4,DEV0001254,DEV9001254
ACC00001255,BANK7,CITY5,DEV0001255,DEV9001255
ACC00001256,BANK0,CITY6,DEV0001256,DEV9001256
ACC00001257,BANK1,CITY7,DEV0001257,DEV9001257
ACC00001258,BANK2,CITY8,DEV0001258,DEV9001258
ACC00001259,BANK3,CITY9,DEV0001259,DEV9001259
ACC00001260,BANK4,CITY0,DEV0001260,DEV9001260
ACC00001261,BANK5,CITY1,DEV0001261,DEV9001261
ACC00001262,BANK6,CITY2,DEV0001262,DEV9001262
ACC00001263,BANK7,CITY3,DEV0001263,DEV9001263
ACC00001264,BANK0,CITY4,DEV0001264,DEV9001264
ACC00001265,BANK1,CITY5,DEV0001265,DEV9001265
ACC00001266,BANK2,CITY6,DEV0001266,DEV9001266
ACC00001267,BANK3,CITY7,DEV0001267,DEV9001267
ACC00001268,BANK4,CITY8,DEV0001268,DEV9001268
ACC00001269,BANK5,CITY9,DEV0001269,DEV9001269
ACC00001270,BANK6,CITY0,DEV0001270,DEV9001270
ACC00001271,BANK7,CITY1,DEV0001271,DEV9001271
ACC00001272,BANK0,CITY2,DEV0001272,DEV9001272
ACC00001273,BANK1,CITY3,DEV0001273,DEV9001273
ACC00001274,BANK2,CITY4,DEV0001274,DEV9001274
ACC00001275,BANK3,CITY5,DEV0001275,DEV9001275
ACC00001276,BANK4,CITY6,DEV0001276,DEV9001276
ACC00001277,BANK5,CITY7,DEV0001277,DEV9001277
ACC00001278,BANK6,CITY8,DEV0001278,DEV9001278
ACC00001279,BANK7,CITY9,DEV0001279,DEV9001279
ACC00001280,BANK0,CITY0,DEV0001280,DEV9001280
ACC00001281,BANK1,CITY1,DEV0001281,DEV9001281
ACC00001282,BANK2,CITY2,DEV0001282,DEV9001282
ACC00001283,BANK3,CITY3,DEV0001283,DEV9001283
ACC00001284,BANK4,CITY4,DEV0001284,DEV9001284
ACC00001285,BANK5,CITY5,DEV0001285,DEV9001285
ACC00001286,BANK6,CITY6,DEV0001286,DEV9001286
ACC00001287,BANK7,CITY7,DEV0001287,DEV9001287
ACC00001288,BANK0,CITY8,DEV0001288,DEV9001288
ACC00001289,BANK1,CITY9,DEV0001289,DEV9001289
ACC00001290,BANK2,CITY0,DEV0001290,DEV9001290
ACC00001291,BANK3,CITY1,DEV0001291,DEV9001291
ACC00001292,BANK4,CITY2,DEV0001292,DEV9001292
ACC00001293,BANK5,CITY3,DEV0001293,DEV9001293
ACC00001294,BANK6,CITY4,DEV0001294,DEV9001294
ACC00001295,BANK7,CITY5,DEV0001295,DEV9001295
ACC00001296,BANK0,CITY6,DEV0001296,DEV9001296
ACC00001297,BANK1,CITY7,DEV0001297,DEV9001297
ACC00001298,BANK2,CITY8,DEV0001298,DEV9001298
ACC00001299,BANK3,CITY9,DEV0001299,DEV9001299
ACC00001300,BANK4,CITY0,DEV0001300,DEV9001300
ACC00001301,BANK5,CITY1,DEV0001301,DEV9001301
ACC00001302,BANK6,CITY2,DEV0001302,DEV9001302
ACC00001303,BANK7,CITY3,DEV0001303,DEV9001303
ACC00001304,BANK0,CITY4,DEV0001304,DEV9001304
ACC00001305,BANK1,CITY5,DEV0001305,DEV9001305
ACC00001306,BANK2,CITY6,DEV0001306,DEV9001306
ACC00001307,BANK3,CITY7,DEV0001307,DEV9001307
ACC00001308,BANK4,CITY8,DEV0001308,DEV9001308
ACC00001309,BANK5,CITY9,DEV0001309,DEV9001309
ACC00001310,BANK6,CITY0,DEV0001310,DEV9001310
ACC00001311,BANK7,CITY1,DEV0001311,DEV9001311
ACC00001312,BANK0,CITY2,DEV0001312,DEV9001312
ACC00001313,BANK1,CITY3,DEV0001313,DEV9001313
ACC00001314,BANK2,CITY4,DEV0001314,DEV9001314
ACC00001315,BANK3,CITY5,DEV0001315,DEV9001315
ACC00001316,BANK4,CITY6,DEV0001316,DEV9001316
ACC00001317,BANK5,CITY7,DEV0001317,DEV9001317
ACC00001318,BANK6,CITY8,DEV0001318,DEV9001318
ACC00001319,BANK7,CITY9,DEV0001319,DEV9001319
ACC00001320,BANK0,CITY0,DEV0001320,DEV9001320
ACC00001321,BANK1,CITY1,DEV0001321,DEV9001321
ACC00001322,BANK2,CITY2,DEV0001322,DEV9001322
ACC00001323,BANK3,CITY3,DEV0001323,DEV9001323
ACC00001324,BANK4,CITY4,DEV0001324,DEV9001324
ACC00001325,BANK5,CITY5,DEV0001325,DEV9001325
ACC00001326,BANK6,CITY6,DEV0001326,DEV9001326
ACC00001327,BANK7,CITY7,DEV0001327,DEV9001327
ACC00001328,BANK0,CITY8,DEV0001328,DEV9001328
ACC00001329,BANK1,CITY9,DEV0001329,DEV9001329
ACC00001330,BANK2,CITY0,DEV0001330,DEV9001330
ACC00001331,BANK3,CITY1,DEV0001331,DEV9001331
ACC00001332,BANK4,CITY2,DEV0001332,DEV9001332
ACC00001333,BANK5,CITY3,DEV0001333,DEV9001333
ACC00001334,BANK6,CITY4,DEV0001334,DEV9001334
ACC00001335,BANK7,CITY5,DEV0001335,DEV9001335
ACC00001336,BANK0,CITY6,DEV0001336,DEV9001336
ACC00001337,BANK1,CITY7,DEV0001337,DEV9001337
ACC00001338,BANK2,CITY8,DEV0001338,DEV9001338
ACC00001339,BANK3,CITY9,DEV0001339,DEV9001339
ACC00001340,BANK4,CITY0,DEV0001340,DEV9001340
ACC00001341,BANK5,CITY1,DEV0001341,DEV9001341
ACC00001342,BANK6,CITY2,DEV0001342,DEV9001342
ACC00001343,BANK7,CITY3,DEV0001343,DEV9001343
ACC00001344,BANK0,CITY4,DEV0001344,DEV9001344
ACC00001345,BANK1,CITY5,DEV0001345,DEV9001345
ACC00001346,BANK2,CITY6,DEV0001346,DEV9001346
ACC00001347,BANK3,CITY7,DEV0001347,DEV9001347
ACC00001348,BANK4,CITY8,DEV0001348,DEV9001348
ACC00001349,BANK5,CITY9,DEV0001349,DEV9001349
ACC00001350,BANK6,CITY0,DEV0001350,DEV9001350
ACC00001351,BANK7,CITY1,DEV0001351,DEV9001351
ACC00001352,BANK0,CITY2,DEV0001352,DEV9001352
ACC00001353,BANK1,CITY3,DEV0001353,DEV9001353
ACC00001354,BANK2,CITY4,DEV0001354,DEV9001354
ACC00001355,BANK3,CITY5,DEV0001355,DEV9001355
ACC00001356,BANK4,CITY6,DEV0001356,DEV9001356
ACC00001357,BANK5,CITY7,DEV0001357,DEV9001357
ACC00001358,BANK6,CITY8,DEV0001358,DEV9001358
ACC00001359,BANK7,CITY9,DEV0001359,DEV9001359
ACC00001360,BANK0,CITY0,DEV0001360,DEV9001360
ACC00001361,BANK1,CITY1,DEV0001361,DEV9001361
ACC00001362,BANK2,CITY2,DEV0001362,DEV9001362
ACC00001363,BANK3,CITY3,DEV0001363,DEV9001363
ACC00001364,BANK4,CITY4,DEV0001364,DEV9001364
ACC00001365,BANK5,CITY5,DEV0001365,DEV9001365
ACC00001366,BANK6,CITY6,DEV0001366,DEV9001366
ACC00001367,BANK7,CITY7,DEV0001367,DEV9001367
ACC00001368,BANK0,CITY8,DEV0001368,DEV9001368
ACC00001369,BANK1,CITY9,DEV0001369,DEV9001369
ACC00001370,BANK2,CITY0,DEV0001370,DEV9001370
ACC00001371,BANK3,CITY1,DEV0001371,DEV9001371
ACC00001372,BANK4,CITY2,DEV0001372,DEV9001372
ACC00001373,BANK5,CITY3,DEV0001373,DEV9001373
ACC00001374,BANK6,CITY4,DEV0001374,DEV9001374
ACC00001375,BANK7,CITY5,DEV0001375,DEV9001375
ACC00001376,BANK0,CITY6,DEV0001376,DEV9001376
ACC00001377,BANK1,CITY7,DEV0001377,DEV9001377
ACC00001378,BANK2,CITY8,DEV0001378,DEV9001378
ACC00001379,BANK3,CITY9,DEV0001379,DEV9001379
ACC00001380,BANK4,CITY0,DEV0001380,DEV9001380
ACC00001381,BANK5,CITY1,DEV0001381,DEV9001381
ACC00001382,BANK6,CITY2,DEV0001382,DEV9001382
ACC00001383,BANK7,CITY3,DEV0001383,DEV9001383
ACC00001384,BANK0,CITY4,DEV0001384,DEV9001384
ACC00001385,BANK1,CITY5,DEV0001385,DEV9001385
ACC00001386,BANK2,CITY6,DEV0001386,DEV9001386
ACC00001387,BANK3,CITY7,DEV0001387,DEV9001387
ACC00001388,BANK4,CITY8,DEV0001388,DEV9001388
ACC00001389,BANK5,CITY9,DEV0001389,DEV9001389
ACC00001390,BANK6,CITY0,DEV0001390,DEV9001390
ACC00001391,BANK7,CITY1,DEV0001391,DEV9001391
ACC00001392,BANK0,CITY2,DEV0001392,DEV9001392
ACC00001393,BANK1,CITY3,DEV0001393,DEV9001393
ACC00001394,BANK2,CITY4,DEV0001394,DEV9001394
ACC00001395,BANK3,CITY5,DEV0001395,DEV9001395
ACC00001396,BANK4,CITY6,DEV0001396,DEV9001396
ACC00001397,BANK5,CITY7,DEV0001397,DEV9001397
ACC00001398,BANK6,CITY8,DEV0001398,DEV9001398
ACC00001399,BANK7,CITY9,DEV0001399,DEV9001399
ACC00001400,BANK0,CITY0,DEV0001400,DEV9001400
ACC00001401,BANK1,CITY1,DEV0001401,DEV9001401
ACC00001402,BANK2,CITY2,DEV0001402,DEV9001402
ACC00001403,BANK3,CITY3,DEV0001403,DEV9001403
ACC00001404,BANK4,CITY4,DEV0001404,DEV9001404
ACC00001405,BANK5,CITY5,DEV0001405,DEV9001405
ACC00001406,BANK6,CITY6,DEV0001406,DEV9001406
ACC00001407,BANK7,CITY7,DEV0001407,DEV9001407
ACC00001408,BANK0,CITY8,DEV0001408,DEV9001408
ACC00001409,BANK1,CITY9,DEV0001409,DEV9001409
ACC00001410,BANK2,CITY0,DEV0001410,DEV9001410
ACC00001411,BANK3,CITY1,DEV0001411,DEV9001411
ACC00001412,BANK4,CITY2,DEV0001412,DEV9001412
ACC00001413,BANK5,CITY3,DEV0001413,DEV9001413
ACC00001414,BANK6,CITY4,DEV0001414,DEV9001414
ACC00001415,BANK7,CITY5,DEV0001415,DEV9001415
ACC00001416,BANK0,CITY6,DEV0001416,DEV9001416
ACC00001417,BANK1,CITY7,DEV0001417,DEV9001417
ACC00001418,BANK2,CITY8,DEV0001418,DEV9001418
ACC00001419,BANK3,CITY9,DEV0001419,DEV9001419
ACC00001420,BANK4,CITY0,DEV0001420,DEV9001420
ACC00001421,BANK5,CITY1,DEV0001421,DEV9001421
ACC00001422,BANK6,CITY2,DEV0001422,DEV9001422
ACC00001423,BANK7,CITY3,DEV0001423,DEV9001423
ACC00001424,BANK0,CITY4,DEV0001424,DEV9001424
ACC00001425,BANK1,CITY5,DEV0001425,DEV9001425
ACC00001426,BANK2,CITY6,DEV0001426,DEV9001426
ACC00001427,BANK3,CITY7,DEV0001427,DEV9001427
ACC00001428,BANK4,CITY8,DEV0001428,DEV9001428
ACC00001429,BANK5,CITY9,DEV0001429,DEV9001429
ACC00001430,BANK6,CITY0,DEV0001430,DEV9001430
ACC00001431,BANK7,CITY1,DEV0001431,DEV9001431
ACC00001432,BANK0,CITY2,DEV0001432,DEV9001432
ACC00001433,BANK1,CITY3,DEV0001433,DEV9001433
ACC00001434,BANK2,CITY4,DEV0001434,DEV9001434
ACC00001435,BANK3,CITY5,DEV0001435,DEV9001435
ACC00001436,BANK4,CITY6,DEV0001436,DEV9001436
ACC00001437,BANK5,CITY7,DEV0001437,DEV9001437
ACC00001438,BANK6,CITY8,DEV0001438,DEV9001438
ACC00001439,BANK7,CITY9,DEV0001439,DEV9001439
ACC00001440,BANK0,CITY0,DEV0001440,DEV9001440
ACC00001441,BANK1,CITY1,DEV0001441,DEV9001441
ACC00001442,BANK2,CITY2,DEV0001442,DEV9001442
ACC00001443,BANK3,CITY3,DEV0001443,DEV9001443
ACC00001444,BANK4,CITY4,DEV0001444,DEV9001444
ACC00001445,BANK5,CITY5,DEV0001445,DEV9001445
ACC00001446,BANK6,CITY6,DEV0001446,DEV9001446
ACC00001447,BANK7,CITY7,DEV0001447,DEV9001447
ACC00001448,BANK0,CITY8,DEV0001448,DEV9001448
ACC00001449,BANK1,CITY9,DEV0001449,DEV9001449
ACC00001450,BANK2,CITY0,DEV0001450,DEV9001450
ACC00001451,BANK3,CITY1,DEV0001451,DEV9001451
ACC00001452,BANK4,CITY2,DEV0001452,DEV9001452
ACC00001453,BANK5,CITY3,DEV0001453,DEV9001453
ACC00001454,BANK6,CITY4,DEV0001454,DEV9001454
ACC00001455,BANK7,CITY5,DEV0001455,DEV9001455
ACC00001456,BANK0,CITY6,DEV0001456,DEV9001456
ACC00001457,BANK1,CITY7,DEV0001457,DEV9001457
ACC00001458,BANK2,CITY8,DEV0001458,DEV9001458
ACC00001459,BANK3,CITY9,DEV0001459,DEV9001459
ACC00001460,BANK4,CITY0,DEV0001460,DEV9001460
ACC00001461,BANK5,CITY1,DEV0001461,DEV9001461
ACC00001462,BANK6,CITY2,DEV0001462,DEV9001462
ACC00001463,BANK7,CITY3,DEV0001463,DEV9001463
ACC00001464,BANK0,CITY4,DEV0001464,DEV9001464
ACC00001465,BANK1,CITY5,DEV0001465,DEV9001465
ACC00001466,BANK2,CITY6,DEV0001466,DEV9001466
ACC00001467,BANK3,CITY7,DEV0001467,DEV9001467
ACC00001468,BANK4,CITY8,DEV0001468,DEV9001468
ACC00001469,BANK5,CITY9,DEV0001469,DEV9001469
ACC00001470,BANK6,CITY0,DEV0001470,DEV9001470
ACC00001471,BANK7,CITY1,DEV0001471,DEV9001471
ACC00001472,BANK0,CITY2,DEV0001472,DEV9001472
ACC00001473,BANK1,CITY3,DEV0001473,DEV9001473
ACC00001474,BANK2,CITY4,DEV0001474,DEV9001474
ACC00001475,BANK3,CITY5,DEV0001475,DEV9001475
ACC00001476,BANK4,CITY6,DEV0001476,DEV9001476
ACC00001477,BANK5,CITY7,DEV0001477,DEV9001477
ACC00001478,BANK6,CITY8,DEV0001478,DEV9001478
ACC00001479,BANK7,CITY9,DEV0001479,DEV9001479
ACC00001480,BANK0,CITY0,DEV0001480,DEV9001480
ACC00001481,BANK1,CITY1,DEV0001481,DEV9001481
ACC00001482,BANK2,CITY2,DEV0001482,DEV9001482
ACC00001483,BANK3,CITY3,DEV0001483,DEV9001483
ACC00001484,BANK4,CITY4,DEV0001484,DEV9001484
ACC00001485,BANK5,CITY5,DEV0001485,DEV9001485
ACC00001486,BANK6,CITY6,DEV0001486,DEV9001486
ACC00001487,BANK7,CITY7,DEV0001487,DEV9001487
ACC00001488,BANK0,CITY8,DEV0001488,DEV9001488
ACC00001489,BANK1,CITY9,DEV0001489,DEV9001489
ACC00001490,BANK2,CITY0,DEV0001490,DEV9001490
ACC00001491,BANK3,CITY1,DEV0001491,DEV9001491
ACC00001492,BANK4,CITY2,DEV0001492,DEV9001492
ACC00001493,BANK5,CITY3,DEV0001493,DEV9001493
ACC00001494,BANK6,CITY4,DEV0001494,DEV9001494
ACC00001495,BANK7,CITY5,DEV0001495,DEV9001495
ACC00001496,BANK0,CITY6,DEV0001496,DEV9001496
ACC00001497,BANK1,CITY7,DEV0001497,DEV9001497
ACC00001498,BANK2,CITY8,DEV0001498,DEV9001498
ACC00001499,BANK3,CITY9,DEV0001499,DEV9001499
ACC00001500,BANK4,CITY0,DEV0001500,DEV9001500
ACC00001501,BANK5,CITY1,DEV0001501,DEV9001501
ACC00001502,BANK6,CITY2,DEV0001502,DEV9001502
ACC00001503,BANK7,CITY3,DEV0001503,DEV9001503
ACC00001504,BANK0,CITY4,DEV0001504,DEV9001504
ACC00001505,BANK1,CITY5,DEV0001505,DEV9001505
ACC00001506,BANK2,CITY6,DEV0001506,DEV9001506
ACC00001507,BANK3,CITY7,DEV0001507,DEV9001507
ACC00001508,BANK4,CITY8,DEV0001508,DEV9001508
ACC00001509,BANK5,CITY9,DEV0001509,DEV9001509
ACC00001510,BANK6,CITY0,DEV0001510,DEV9001510
ACC00001511,BANK7,CITY1,DEV0001511,DEV9001511
ACC00001512,BANK0,CITY2,DEV0001512,DEV9001512
ACC00001513,BANK1,CITY3,DEV0001513,DEV9001513
ACC00001514,BANK2,CITY4,DEV0001514,DEV9001514
ACC00001515,BANK3,CITY5,DEV0001515,DEV9001515
ACC00001516,BANK4,CITY6,DEV0001516,DEV9001516
ACC00001517,BANK5,CITY7,DEV0001517,DEV9001517
ACC00001518,BANK6,CITY8,DEV0001518,DEV9001518
ACC00001519,BANK7,CITY9,DEV0001519,DEV9001519
ACC00001520,BANK0,CITY0,DEV0001520,DEV9001520
ACC00001521,BANK1,CITY1,DEV0001521,DEV9001521
ACC00001522,BANK2,CITY2,DEV0001522,DEV9001522
ACC00001523,BANK3,CITY3,DEV0001523,DEV9001523
ACC00001524,BANK4,CITY4,DEV0001524,DEV9001524
ACC00001525,BANK5,CITY5,DEV0001525,DEV9001525
ACC00001526,BANK6,CITY6,DEV0001526,DEV9001526
ACC00001527,BANK7,CITY7,DEV0001527,DEV9001527
ACC00001528,BANK0,CITY8,DEV0001528,DEV9001528
ACC00001529,BANK1,CITY9,DEV0001529,DEV9001529
ACC00001530,BANK2,CITY0,DEV0001530,DEV9001530
ACC00001531,BANK3,CITY1,DEV0001531,DEV9001531
ACC00001532,BANK4,CITY2,DEV0001532,DEV9001532
ACC00001533,BANK5,CITY3,DEV0001533,DEV9001533
ACC00001534,BANK6,CITY4,DEV0001534,DEV9001534
ACC00001535,BANK7,CITY5,DEV0001535,DEV9001535
ACC00001536,BANK0,CITY6,DEV0001536,DEV9001536
ACC00001537,BANK1,CITY7,DEV0001537,DEV9001537
ACC00001538,BANK2,CITY8,DEV0001538,DEV9001538
ACC00001539,BANK3,CITY9,DEV0001539,DEV9001539
ACC00001540,BANK4,CITY0,DEV0001540,DEV9001540
ACC00001541,BANK5,CITY1,DEV0001541,DEV9001541
ACC00001542,BANK6,CITY2,DEV0001542,DEV9001542
ACC00001543,BANK7,CITY3,DEV0001543,DEV9001543
ACC00001544,BANK0,CITY4,DEV0001544,DEV9001544
ACC00001545,BANK1,CITY5,DEV0001545,DEV9001545
ACC00001546,BANK2,CITY6,DEV0001546,DEV9001546
ACC00001547,BANK3,CITY7,DEV0001547,DEV9001547
ACC00001548,BANK4,CITY8,DEV0001548,DEV9001548
ACC00001549,BANK5,CITY9,DEV0001549,DEV9001549
ACC00001550,BANK6,CITY0,DEV0001550,DEV9001550
ACC00001551,BANK7,CITY1,DEV0001551,DEV9001551
ACC00001552,BANK0,CITY2,DEV0001552,DEV9001552
ACC00001553,BANK1,CITY3,DEV0001553,DEV9001553
ACC00001554,BANK2,CITY4,DEV0001554,DEV9001554
ACC00001555,BANK3,CITY5,DEV0001555,DEV9001555
ACC00001556,BANK4,CITY6,DEV0001556,DEV9001556
ACC00001557,BANK5,CITY7,DEV0001557,DEV9001557
ACC00001558,BANK6,CITY8,DEV0001558,DEV9001558
ACC00001559,BANK7,CITY9,DEV0001559,DEV9001559
ACC00001560,BANK0,CITY0,DEV0001560,DEV9001560
ACC00001561,BANK1,CITY1,DEV0001561,DEV9001561
ACC00001562,BANK2,CITY2,DEV0001562,DEV9001562
ACC00001563,BANK3,CITY3,DEV0001563,DEV9001563
ACC00001564,BANK4,CITY4,DEV0001564,DEV9001564
ACC00001565,BANK5,CITY5,DEV0001565,DEV9001565
ACC00001566,BANK6,CITY6,DEV0001566,DEV9001566
ACC00001567,BANK7,CITY7,DEV0001567,DEV9001567
ACC00001568,BANK0,CITY8,DEV0001568,DEV9001568
ACC00001569,BANK1,CITY9,DEV0001569,DEV9001569
ACC00001570,BANK2,CITY0,DEV0001570,DEV9001570
ACC00001571,BANK3,CITY1,DEV0001571,DEV9001571
ACC00001572,BANK4,CITY2,DEV0001572,DEV9001572
ACC00001573,BANK5,CITY3,DEV0001573,DEV9001573
ACC00001574,BANK6,CITY4,DEV0001574,DEV9001574
ACC00001575,BANK7,CITY5,DEV0001575,DEV9001575
ACC00001576,BANK0,CITY6,DEV0001576,DEV9001576
ACC00001577,BANK1,CITY7,DEV0001577,DEV9001577
ACC00001578,BANK2,CITY8,DEV0001578,DEV9001578
ACC00001579,BANK3,CITY9,DEV0001579,DEV9001579
ACC00001580,BANK4,CITY0,DEV0001580,DEV9001580
ACC00001581,BANK5,CITY1,DEV0001581,DEV9001581
ACC00001582,BANK6,CITY2,DEV0001582,DEV9001582
ACC00001583,BANK7,CITY3,DEV0001583,DEV9001583
ACC00001584,BANK0,CITY4,DEV0001584,DEV9001584
ACC00001585,BANK1,CITY5,DEV0001585,DEV9001585
ACC00001586,BANK2,CITY6,DEV0001586,DEV9001586
ACC00001587,BANK3,CITY7,DEV0001587,DEV9001587
ACC00001588,BANK4,CITY8,DEV0001588,DEV9001588
ACC00001589,BANK5,CITY9,DEV0001589,DEV9001589
ACC00001590,BANK6,CITY0,DEV0001590,DEV9001590
ACC00001591,BANK7,CITY1,DEV0001591,DEV9001591
ACC00001592,BANK0,CITY2,DEV0001592,DEV9001592
ACC00001593,BANK1,CITY3,DEV0001593,DEV9001593
ACC00001594,BANK2,CITY4,DEV0001594,DEV9001594
ACC00001595,BANK3,CITY5,DEV0001595,DEV9001595
ACC00001596,BANK4,CITY6,DEV0001596,DEV9001596
ACC00001597,BANK5,CITY7,DEV0001597,DEV9001597
ACC00001598,BANK6,CITY8,DEV0001598,DEV9001598
ACC00001599,BANK7,CITY9,DEV0001599,DEV9001599
ACC00001600,BANK0,CITY0,DEV0001600,DEV9001600
ACC00001601,BANK1,CITY1,DEV0001601,DEV9001601
ACC00001602,BANK2,CITY2,DEV0001602,DEV9001602
ACC00001603,BANK3,CITY3,DEV0001603,DEV9001603
ACC00001604,BANK4,CITY4,DEV0001604,DEV9001604
ACC00001605,BANK5,CITY5,DEV0001605,DEV9001605
ACC00001606,BANK6,CITY6,DEV0001606,DEV9001606
ACC00001607,BANK7,CITY7,DEV0001607,DEV9001607
ACC00001608,BANK0,CITY8,DEV0001608,DEV9001608
ACC00001609,BANK1,CITY9,DEV0001609,DEV9001609
ACC00001610,BANK2,CITY0,DEV0001610,DEV9001610
ACC00001611,BANK3,CITY1,DEV0001611,DEV9001611
ACC00001612,BANK4,CITY2,DEV0001612,DEV9001612
ACC00001613,BANK5,CITY3,DEV0001613,DEV9001613
ACC00001614,BANK6,CITY4,DEV0001614,DEV9001614
ACC00001615,BANK7,CITY5,DEV0001615,DEV9001615
ACC00001616,BANK0,CITY6,DEV0001616,DEV9001616
ACC00001617,BANK1,CITY7,DEV0001617,DEV9001617
ACC00001618,BANK2,CITY8,DEV0001618,DEV9001618
ACC00001619,BANK3,CITY9,DEV0001619,DEV9001619
ACC00001620,BANK4,CITY0,DEV0001620,DEV9001620
ACC00001621,BANK5,CITY1,DEV0001621,DEV9001621
ACC00001622,BANK6,CITY2,DEV0001622,DEV9001622
ACC00001623,BANK7,CITY3,DEV0001623,DEV9001623
ACC00001624,BANK0,CITY4,DEV0001624,DEV9001624
ACC00001625,BANK1,CITY5,DEV0001625,DEV9001625
ACC00001626,BANK2,CITY6,DEV0001626,DEV9001626
ACC00001627,BANK3,CITY7,DEV0001627,DEV9001627
ACC00001628,BANK4,CITY8,DEV0001628,DEV9001628
ACC00001629,BANK5,CITY9,DEV0001629,DEV9001629
ACC00001630,BANK6,CITY0,DEV0001630,DEV9001630
ACC00001631,BANK7,CITY1,DEV0001631,DEV9001631
ACC00001632,BANK0,CITY2,DEV0001632,DEV9001632
ACC00001633,BANK1,CITY3,DEV0001633,DEV9001633
ACC00001634,BANK2,CITY4,DEV0001634,DEV9001634
ACC00001635,BANK3,CITY5,DEV0001635,DEV9001635
ACC00001636,BANK4,CITY6,DEV0001636,DEV9001636
ACC00001637,BANK5,CITY7,DEV0001637,DEV9001637
ACC00001638,BANK6,CITY8,DEV0001638,DEV9001638
ACC00001639,BANK7,CITY9,DEV0001639,DEV9001639
ACC00001640,BANK0,CITY0,DEV0001640,DEV9001640
ACC00001641,BANK1,CITY1,DEV0001641,DEV9001641
ACC00001642,BANK2,CITY2,DEV0001642,DEV9001642
ACC00001643,BANK3,CITY3,DEV0001643,DEV9001643
ACC00001644,BANK4,CITY4,DEV0001644,DEV9001644
ACC00001645,BANK5,CITY5,DEV0001645,DEV9001645
ACC00001646,BANK6,CITY6,DEV0001646,DEV9001646
ACC00001647,BANK7,CITY7,DEV0001647,DEV9001647
ACC00001648,BANK0,CITY8,DEV0001648,DEV9001648
ACC00001649,BANK1,CITY9,DEV0001649,DEV9001649
ACC00001650,BANK2,CITY0,DEV0001650,DEV9001650
ACC00001651,BANK3,CITY1,DEV0001651,DEV9001651
ACC00001652,BANK4,CITY2,DEV0001652,DEV9001652
ACC00001653,BANK5,CITY3,DEV0001653,DEV9001653
ACC00001654,BANK6,CITY4,DEV0001654,DEV9001654
ACC00001655,BANK7,CITY5,DEV0001655,DEV9001655
ACC00001656,BANK0,CITY6,DEV0001656,DEV9001656
ACC00001657,BANK1,CITY7,DEV0001657,DEV9001657
ACC00001658,BANK2,CITY8,DEV0001658,DEV9001658
ACC00001659,BANK3,CITY9,DEV0001659,DEV9001659
ACC00001660,BANK4,CITY0,DEV0001660,DEV9001660
ACC00001661,BANK5,CITY1,DEV0001661,DEV9001661
ACC00001662,BANK6,CITY2,DEV0001662,DEV9001662
ACC00001663,BANK7,CITY3,DEV0001663,DEV9001663
ACC00001664,BANK0,CITY4,DEV0001664,DEV9001664
ACC00001665,BANK1,CITY5,DEV0001665,DEV9001665
ACC00001666,BANK2,CITY6,DEV0001666,DEV9001666
ACC00001667,BANK3,CITY7,DEV0001667,DEV9001667
ACC00001668,BANK4,CITY8,DEV0001668,DEV9001668
ACC00001669,BANK5,CITY9,DEV0001669,DEV9001669
ACC00001670,BANK6,CITY0,DEV0001670,DEV9001670
ACC00001671,BANK7,CITY1,DEV0001671,DEV9001671
ACC00001672,BANK0,CITY2,DEV0001672,DEV9001672
ACC00001673,BANK1,CITY3,DEV0001673,DEV9001673
ACC00001674,BANK2,CITY4,DEV0001674,DEV9001674
ACC00001675,BANK3,CITY5,DEV0001675,DEV9001675
ACC00001676,BANK4,CITY6,DEV0001676,DEV9001676
ACC00001677,BANK5,CITY7,DEV0001677,DEV9001677
ACC00001678,BANK6,CITY8,DEV0001678,DEV9001678
ACC00001679,BANK7,CITY9,DEV0001679,DEV9001679
ACC00001680,BANK0,CITY0,DEV0001680,DEV9001680
ACC00001681,BANK1,CITY1,DEV0001681,DEV9001681
ACC00001682,BANK2,CITY2,DEV0001682,DEV9001682
ACC00001683,BANK3,CITY3,DEV0001683,DEV9001683
ACC00001684,BANK4,CITY4,DEV0001684,DEV9001684
ACC00001685,BANK5,CITY5,DEV0001685,DEV9001685
ACC00001686,BANK6,CITY6,DEV0001686,DEV9001686
ACC00001687,BANK7,CITY7,DEV0001687,DEV9001687
ACC00001688,BANK0,CITY8,DEV0001688,DEV9001688
ACC00001689,BANK1,CITY9,DEV0001689,DEV9001689
ACC00001690,BANK2,CITY0,DEV0001690,DEV9001690
ACC00001691,BANK3,CITY1,DEV0001691,DEV9001691
ACC00001692,BANK4,CITY2,DEV0001692,DEV9001692
ACC00001693,BANK5,CITY3,DEV0001693,DEV9001693
ACC00001694,BANK6,CITY4,DEV0001694,DEV9001694
ACC00001695,BANK7,CITY5,DEV0001695,DEV9001695
ACC00001696,BANK0,CITY6,DEV0001696,DEV9001696
ACC00001697,BANK1,CITY7,DEV0001697,DEV9001697
ACC00001698,BANK2,CITY8,DEV0001698,DEV9001698
ACC00001699,BANK3,CITY9,DEV0001699,DEV9001699
ACC00001700,BANK4,CITY0,DEV0001700,DEV9001700
ACC00001701,BANK5,CITY1,DEV0001701,DEV9001701
ACC00001702,BANK6,CITY2,DEV0001702,DEV9001702
ACC00001703,BANK7,CITY3,DEV0001703,DEV9001703
ACC00001704,BANK0,CITY4,DEV0001704,DEV9001704
ACC00001705,BANK1,CITY5,DEV0001705,DEV9001705
ACC00001706,BANK2,CITY6,DEV0001706,DEV9001706
ACC00001707,BANK3,CITY7,DEV0001707,DEV9001707
ACC00001708,BANK4,CITY8,DEV0001708,DEV9001708
ACC00001709,BANK5,CITY9,DEV0001709,DEV9001709
ACC00001710,BANK6,CITY0,DEV0001710,DEV9001710
ACC00001711,BANK7,CITY1,DEV0001711,DEV9001711
ACC00001712,BANK0,CITY2,DEV0001712,DEV9001712
ACC00001713,BANK1,CITY3,DEV0001713,DEV9001713
ACC00001714,BANK2,CITY4,DEV0001714,DEV9001714
ACC00001715,BANK3,CITY5,DEV0001715,DEV9001715
ACC00001716,BANK4,CITY6,DEV0001716,DEV9001716
ACC00001717,BANK5,CITY7,DEV0001717,DEV9001717
ACC00001718,BANK6,CITY8,DEV0001718,DEV9001718
ACC00001719,BANK7,CITY9,DEV0001719,DEV9001719
ACC00001720,BANK0,CITY0,DEV0001720,DEV9001720
ACC00001721,BANK1,CITY1,DEV0001721,DEV9001721
ACC00001722,BANK2,CITY2,DEV0001722,DEV9001722
ACC00001723,BANK3,CITY3,DEV0001723,DEV9001723
ACC00001724,BANK4,CITY4,DEV0001724,DEV9001724
ACC00001725,BANK5,CITY5,DEV0001725,DEV9001725
ACC00001726,BANK6,CITY6,DEV0001726,DEV9001726
ACC00001727,BANK7,CITY7,DEV0001727,DEV9001727
ACC00001728,BANK0,CITY8,DEV0001728,DEV9001728
ACC00001729,BANK1,CITY9,DEV0001729,DEV9001729
ACC00001730,BANK2,CITY0,DEV0001730,DEV9001730
ACC00001731,BANK3,CITY1,DEV0001731,DEV9001731
ACC00001732,BANK4,CITY2,DEV0001732,DEV9001732
ACC00001733,BANK5,CITY3,DEV0001733,DEV9001733
ACC00001734,BANK6,CITY4,DEV0001734,DEV9001734
ACC00001735,BANK7,CITY5,DEV0001735,DEV9001735
ACC00001736,BANK0,CITY6,DEV0001736,DEV9001736
ACC00001737,BANK1,CITY7,DEV0001737,DEV9001737
ACC00001738,BANK2,CITY8,DEV0001738,DEV9001738
ACC00001739,BANK3,CITY9,DEV0001739,DEV9001739
ACC00001740,BANK4,CITY0,DEV0001740,DEV9001740
ACC00001741,BANK5,CITY1,DEV0001741,DEV9001741
ACC00001742,BANK6,CITY2,DEV0001742,DEV9001742
ACC00001743,BANK7,CITY3,DEV0001743,DEV9001743
ACC00001744,BANK0,CITY4,DEV0001744,DEV9001744
ACC00001745,BANK1,CITY5,DEV0001745,DEV9001745
ACC00001746,BANK2,CITY6,DEV0001746,DEV9001746
ACC00001747,BANK3,CITY7,DEV0001747,DEV9001747
ACC00001748,BANK4,CITY8,DEV0001748,DEV9001748
ACC00001749,BANK5,CITY9,DEV0001749,DEV9001749
ACC00001750,BANK6,CITY0,DEV0001750,DEV9001750
ACC00001751,BANK7,CITY1,DEV0001751,DEV9001751
ACC00001752,BANK0,CITY2,DEV0001752,DEV9001752
ACC00001753,BANK1,CITY3,DEV0001753,DEV9001753
ACC00001754,BANK2,CITY4,DEV0001754,DEV9001754
ACC00001755,BANK3,CITY5,DEV0001755,DEV9001755
ACC00001756,BANK4,CITY6,DEV0001756,DEV9001756
ACC00001757,BANK5,CITY7,DEV0001757,DEV9001757
ACC00001758,BANK6,CITY8,DEV0001758,DEV9001758
ACC00001759,BANK7,CITY9,DEV0001759,DEV9001759
ACC00001760,BANK0,CITY0,DEV0001760,DEV9001760
ACC00001761,BANK1,CITY1,DEV0001761,DEV9001761
ACC00001762,BANK2,CITY2,DEV0001762,DEV9001762
ACC00001763,BANK3,CITY3,DEV0001763,DEV9001763
ACC00001764,BANK4,CITY4,DEV0001764,DEV9001764
ACC00001765,BANK5,CITY5,DEV0001765,DEV9001765
ACC00001766,BANK6,CITY6,DEV0001766,DEV9001766
ACC00001767,BANK7,CITY7,DEV0001767,DEV9001767
ACC00001768,BANK0,CITY8,DEV0001768,DEV9001768
ACC00001769,BANK1,CITY9,DEV0001769,DEV9001769
ACC00001770,BANK2,CITY0,DEV0001770,DEV9001770
ACC00001771,BANK3,CITY1,DEV0001771,DEV9001771
ACC00001772,BANK4,CITY2,DEV0001772,DEV9001772
ACC00001773,BANK5,CITY3,DEV0001773,DEV9001773
ACC00001774,BANK6,CITY4,DEV0001774,DEV9001774
ACC00001775,BANK7,CITY5,DEV0001775,DEV9001775
ACC00001776,BANK0,CITY6,DEV0001776,DEV9001776
ACC00001777,BANK1,CITY7,DEV0001777,DEV9001777
ACC00001778,BANK2,CITY8,DEV0001778,DEV9001778
ACC00001779,BANK3,CITY9,DEV0001779,DEV9001779
ACC00001780,BANK4,CITY0,DEV0001780,DEV9001780
ACC00001781,BANK5,CITY1,DEV0001781,DEV9001781
ACC00001782,BANK6,CITY2,DEV0001782,DEV9001782
ACC00001783,BANK7,CITY3,DEV0001783,DEV9001783
ACC00001784,BANK0,CITY4,DEV0001784,DEV9001784
ACC00001785,BANK1,CITY5,DEV0001785,DEV9001785
ACC00001786,BANK2,CITY6,DEV0001786,DEV9001786
ACC00001787,BANK3,CITY7,DEV0001787,DEV9001787
ACC00001788,BANK4,CITY8,DEV0001788,DEV9001788
ACC00001789,BANK5,CITY9,DEV0001789,DEV9001789
ACC00001790,BANK6,CITY0,DEV0001790,DEV9001790
ACC00001791,BANK7,CITY1,DEV0001791,DEV9001791
ACC00001792,BANK0,CITY2,DEV0001792,DEV9001792
ACC00001793,BANK1,CITY3,DEV0001793,DEV9001793
ACC00001794,BANK2,CITY4,DEV0001794,DEV9001794
ACC00001795,BANK3,CITY5,DEV0001795,DEV9001795
ACC00001796,BANK4,CITY6,DEV0001796,DEV9001796
ACC00001797,BANK5,CITY7,DEV0001797,DEV9001797
ACC00001798,BANK6,CITY8,DEV0001798,DEV9001798
ACC00001799,BANK7,CITY9,DEV0001799,DEV9001799
ACC00001800,BANK0,CITY0,DEV0001800,DEV9001800
ACC00001801,BANK1,CITY1,DEV0001801,DEV9001801
ACC00001802,BANK2,CITY2,DEV0001802,DEV9001802
ACC00001803,BANK3,CITY3,DEV0001803,DEV9001803
ACC00001804,BANK4,CITY4,DEV0001804,DEV9001804
ACC00001805,BANK5,CITY5,DEV0001805,DEV9001805
ACC00001806,BANK6,CITY6,DEV0001806,DEV9001806
ACC00001807,BANK7,CITY7,DEV0001807,DEV9001807
ACC00001808,BANK0,CITY8,DEV0001808,DEV9001808
ACC00001809,BANK1,CITY9,DEV0001809,DEV9001809
ACC00001810,BANK2,CITY0,DEV0001810,DEV9001810
ACC00001811,BANK3,CITY1,DEV0001811,DEV9001811
ACC00001812,BANK4,CITY2,DEV0001812,DEV9001812
ACC00001813,BANK5,CITY3,DEV0001813,DEV9001813
ACC00001814,BANK6,CITY4,DEV0001814,DEV9001814
ACC00001815,BANK7,CITY5,DEV0001815,DEV9001815
ACC00001816,BANK0,CITY6,DEV0001816,DEV9001816
ACC00001817,BANK1,CITY7,DEV0001817,DEV9001817
ACC00001818,BANK2,CITY8,DEV0001818,DEV9001818
ACC00001819,BANK3,CITY9,DEV0001819,DEV9001819
ACC00001820,BANK4,CITY0,DEV0001820,DEV9001820
ACC00001821,BANK5,CITY1,DEV0001821,DEV9001821
ACC00001822,BANK6,CITY2,DEV0001822,DEV9001822
ACC00001823,BANK7,CITY3,DEV0001823,DEV9001823
ACC00001824,BANK0,CITY4,DEV0001824,DEV9001824
ACC00001825,BANK1,CITY5,DEV0001825,DEV9001825
ACC00001826,BANK2,CITY6,DEV0001826,DEV9001826
ACC00001827,BANK3,CITY7,DEV0001827,DEV9001827
ACC00001828,BANK4,CITY8,DEV0001828,DEV9001828
ACC00001829,BANK5,CITY9,DEV0001829,DEV9001829
ACC00001830,BANK6,CITY0,DEV0001830,DEV9001830
ACC00001831,BANK7,CITY1,DEV0001831,DEV9001831
ACC00001832,BANK0,CITY2,DEV0001832,DEV9001832
ACC00001833,BANK1,CITY3,DEV0001833,DEV9001833
ACC00001834,BANK2,CITY4,DEV0001834,DEV9001834
ACC00001835,BANK3,CITY5,DEV0001835,DEV9001835
ACC00001836,BANK4,CITY6,DEV0001836,DEV9001836
ACC00001837,BANK5,CITY7,DEV0001837,DEV9001837
ACC00001838,BANK6,CITY8,DEV0001838,DEV9001838
ACC00001839,BANK7,CITY9,DEV0001839,DEV9001839
ACC00001840,BANK0,CITY0,DEV0001840,DEV9001840
ACC00001841,BANK1,CITY1,DEV0001841,DEV9001841
ACC00001842,BANK2,CITY2,DEV0001842,DEV9001842
ACC00001843,BANK3,CITY3,DEV0001843,DEV9001843
ACC00001844,BANK4,CITY4,DEV0001844,DEV9001844
ACC00001845,BANK5,CITY5,DEV0001845,DEV9001845
ACC00001846,BANK6,CITY6,DEV0001846,DEV9001846
ACC00001847,BANK7,CITY7,DEV0001847,DEV9001847
ACC00001848,BANK0,CITY8,DEV0001848,DEV9001848
ACC00001849,BANK1,CITY9,DEV0001849,DEV9001849
ACC00001850,BANK2,CITY0,DEV0001850,DEV9001850
ACC00001851,BANK3,CITY1,DEV0001851,DEV9001851
ACC00001852,BANK4,CITY2,DEV0001852,DEV9001852
ACC00001853,BANK5,CITY3,DEV0001853,DEV9001853
ACC00001854,BANK6,CITY4,DEV0001854,DEV9001854
ACC00001855,BANK7,CITY5,DEV0001855,DEV9001855
ACC00001856,BANK0,CITY6,DEV0001856,DEV9001856
ACC00001857,BANK1,CITY7,DEV0001857,DEV9001857
ACC00001858,BANK2,CITY8,DEV0001858,DEV9001858
ACC00001859,BANK3,CITY9,DEV0001859,DEV9001859
ACC00001860,BANK4,CITY0,DEV0001860,DEV9001860
ACC00001861,BANK5,CITY1,DEV0001861,DEV9001861
ACC00001862,BANK6,CITY2,DEV0001862,DEV9001862
ACC00001863,BANK7,CITY3,DEV0001863,DEV9001863
ACC00001864,BANK0,CITY4,DEV0001864,DEV9001864
ACC00001865,BANK1,CITY5,DEV0001865,DEV9001865
ACC00001866,BANK2,CITY6,DEV0001866,DEV9001866
ACC00001867,BANK3,CITY7,DEV0001867,DEV9001867
ACC00001868,BANK4,CITY8,DEV0001868,DEV9001868
ACC00001869,BANK5,CITY9,DEV0001869,DEV9001869
ACC00001870,BANK6,CITY0,DEV0001870,DEV9001870
ACC00001871,BANK7,CITY1,DEV0001871,DEV9001871
ACC00001872,BANK0,CITY2,DEV0001872,DEV9001872
ACC00001873,BANK1,CITY3,DEV0001873,DEV9001873
ACC00001874,BANK2,CITY4,DEV0001874,DEV9001874
ACC00001875,BANK3,CITY5,DEV0001875,DEV9001875
ACC00001876,BANK4,CITY6,DEV0001876,DEV9001876
ACC00001877,BANK5,CITY7,DEV0001877,DEV9001877
ACC00001878,BANK6,CITY8,DEV0001878,DEV9001878
ACC00001879,BANK7,CITY9,DEV0001879,DEV9001879
ACC00001880,BANK0,CITY0,DEV0001880,DEV9001880
ACC00001881,BANK1,CITY1,DEV0001881,DEV9001881
ACC00001882,BANK2,CITY2,DEV0001882,DEV9001882
ACC00001883,BANK3,CITY3,DEV0001883,DEV9001883
ACC00001884,BANK4,CITY4,DEV0001884,DEV9001884
ACC00001885,BANK5,CITY5,DEV0001885,DEV9001885
ACC00001886,BANK6,CITY6,DEV0001886,DEV9001886
ACC00001887,BANK7,CITY7,DEV0001887,DEV9001887
ACC00001888,BANK0,CITY8,DEV0001888,DEV9001888
ACC00001889,BANK1,CITY9,DEV0001889,DEV9001889
ACC00001890,BANK2,CITY0,DEV0001890,DEV9001890
ACC00001891,BANK3,CITY1,DEV0001891,DEV9001891
ACC00001892,BANK4,CITY2,DEV0001892,DEV9001892
ACC00001893,BANK5,CITY3,DEV0001893,DEV9001893
ACC00001894,BANK6,CITY4,DEV0001894,DEV9001894
ACC00001895,BANK7,CITY5,DEV0001895,DEV9001895
ACC00001896,BANK0,CITY6,DEV0001896,DEV9001896
ACC00001897,BANK1,CITY7,DEV0001897,DEV9001897
ACC00001898,BANK2,CITY8,DEV0001898,DEV9001898
ACC00001899,BANK3,CITY9,DEV0001899,DEV9001899
ACC00001900,BANK4,CITY0,DEV0001900,DEV9001900
ACC00001901,BANK5,CITY1,DEV0001901,DEV9001901
ACC00001902,BANK6,CITY2,DEV0001902,DEV9001902
ACC00001903,BANK7,CITY3,DEV0001903,DEV9001903
ACC00001904,BANK0,CITY4,DEV0001904,DEV9001904
ACC00001905,BANK1,CITY5,DEV0001905,DEV9001905
ACC00001906,BANK2,CITY6,DEV0001906,DEV9001906
ACC00001907,BANK3,CITY7,DEV0001907,DEV9001907
ACC00001908,BANK4,CITY8,DEV0001908,DEV9001908
ACC00001909,BANK5,CITY9,DEV0001909,DEV9001909
ACC00001910,BANK6,CITY0,DEV0001910,DEV9001910
ACC00001911,BANK7,CITY1,DEV0001911,DEV9001911
ACC00001912,BANK0,CITY2,DEV0001912,DEV9001912
ACC00001913,BANK1,CITY3,DEV0001913,DEV9001913
ACC00001914,BANK2,CITY4,DEV0001914,DEV9001914
ACC00001915,BANK3,CITY5,DEV0001915,DEV9001915
ACC00001916,BANK4,CITY6,DEV0001916,DEV9001916
ACC00001917,BANK5,CITY7,DEV0001917,DEV9001917
ACC00001918,BANK6,CITY8,DEV0001918,DEV9001918
ACC00001919,BANK7,CITY9,DEV0001919,DEV9001919
ACC00001920,BANK0,CITY0,DEV0001920,DEV9001920
ACC00001921,BANK1,CITY1,DEV0001921,DEV9001921
ACC00001922,BANK2,CITY2,DEV0001922,DEV9001922
ACC00001923,BANK3,CITY3,DEV0001923,DEV9001923
ACC00001924,BANK4,CITY4,DEV0001924,DEV9001924
ACC00001925,BANK5,CITY5,DEV0001925,DEV9001925
ACC00001926,BANK6,CITY6,DEV0001926,DEV9001926
ACC00001927,BANK7,CITY7,DEV0001927,DEV9001927
ACC00001928,BANK0,CITY8,DEV0001928,DEV9001928
ACC00001929,BANK1,CITY9,DEV0001929,DEV9001929
ACC00001930,BANK2,CITY0,DEV0001930,DEV9001930
ACC00001931,BANK3,CITY1,DEV0001931,DEV9001931
ACC00001932,BANK4,CITY2,DEV0001932,DEV9001932
ACC00001933,BANK5,CITY3,DEV0001933,DEV9001933
ACC00001934,BANK6,CITY4,DEV0001934,DEV9001934
ACC00001935,BANK7,CITY5,DEV0001935,DEV9001935
ACC00001936,BANK0,CITY6,DEV0001936,DEV9001936
ACC00001937,BANK1,CITY7,DEV0001937,DEV9001937
ACC00001938,BANK2,CITY8,DEV0001938,DEV9001938
ACC00001939,BANK3,CITY9,DEV0001939,DEV9001939
ACC00001940,BANK4,CITY0,DEV0001940,DEV9001940
ACC00001941,BANK5,CITY1,DEV0001941,DEV9001941
ACC00001942,BANK6,CITY2,DEV0001942,DEV9001942
ACC00001943,BANK7,CITY3,DEV0001943,DEV9001943
ACC00001944,BANK0,CITY4,DEV0001944,DEV9001944
ACC00001945,BANK1,CITY5,DEV0001945,DEV9001945
ACC00001946,BANK2,CITY6,DEV0001946,DEV9001946
ACC00001947,BANK3,CITY7,DEV0001947,DEV9001947
ACC00001948,BANK4,CITY8,DEV0001948,DEV9001948
ACC00001949,BANK5,CITY9,DEV0001949,DEV9001949
ACC00001950,BANK6,CITY0,DEV0001950,DEV9001950
ACC00001951,BANK7,CITY1,DEV0001951,DEV9001951
ACC00001952,BANK0,CITY2,DEV0001952,DEV9001952
ACC00001953,BANK1,CITY3,DEV0001953,DEV9001953
ACC00001954,BANK2,CITY4,DEV0001954,DEV9001954
ACC00001955,BANK3,CITY5,DEV0001955,DEV9001955
ACC00001956,BANK4,CITY6,DEV0001956,DEV9001956
ACC00001957,BANK5,CITY7,DEV0001957,DEV9001957
ACC00001958,BANK6,CITY8,DEV0001958,DEV9001958
ACC00001959,BANK7,CITY9,DEV0001959,DEV9001959
ACC00001960,BANK0,CITY0,DEV0001960,DEV9001960
ACC00001961,BANK1,CITY1,DEV0001961,DEV9001961
ACC00001962,BANK2,CITY2,DEV0001962,DEV9001962
ACC00001963,BANK3,CITY3,DEV0001963,DEV9001963
ACC00001964,BANK4,CITY4,DEV0001964,DEV9001964
ACC00001965,BANK5,CITY5,DEV0001965,DEV9001965
ACC00001966,BANK6,CITY6,DEV0001966,DEV9001966
ACC00001967,BANK7,CITY7,DEV0001967,DEV9001967
ACC00001968,BANK0,CITY8,DEV0001968,DEV9001968
ACC00001969,BANK1,CITY9,DEV0001969,DEV9001969
ACC00001970,BANK2,CITY0,DEV0001970,DEV9001970
ACC00001971,BANK3,CITY1,DEV0001971,DEV9001971
ACC00001972,BANK4,CITY2,DEV0001972,DEV9001972
ACC00001973,BANK5,CITY3,DEV0001973,DEV9001973
ACC00001974,BANK6,CITY4,DEV0001974,DEV9001974
ACC00001975,BANK7,CITY5,DEV0001975,DEV9001975
ACC00001976,BANK0,CITY6,DEV0001976,DEV9001976
ACC00001977,BANK1,CITY7,DEV0001977,DEV9001977
ACC00001978,BANK2,CITY8,DEV0001978,DEV9001978
ACC00001979,BANK3,CITY9,DEV0001979,DEV9001979
ACC00001980,BANK4,CITY0,DEV0001980,DEV9001980
ACC00001981,BANK5,CITY1,DEV0001981,DEV9001981
ACC00001982,BANK6,CITY2,DEV0001982,DEV9001982
ACC00001983,BANK7,CITY3,DEV0001983,DEV9001983
ACC00001984,BANK0,CITY4,DEV0001984,DEV9001984
ACC00001985,BANK1,CITY5,DEV0001985,DEV9001985
ACC00001986,BANK2,CITY6,DEV0001986,DEV9001986
ACC00001987,BANK3,CITY7,DEV0001987,DEV9001987
ACC00001988,BANK4,CITY8,DEV0001988,DEV9001988
ACC00001989,BANK5,CITY9,DEV0001989,DEV9001989
ACC00001990,BANK6,CITY0,DEV0001990,DEV9001990
ACC00001991,BANK7,CITY1,DEV0001991,DEV9001991
ACC00001992,BANK0,CITY2,DEV0001992,DEV9001992
ACC00001993,BANK1,CITY3,DEV0001993,DEV9001993
ACC00001994,BANK2,CITY4,DEV0001994,DEV9001994
ACC00001995,BANK3,CITY5,DEV0001995,DEV9001995
ACC00001996,BANK4,CITY6,DEV0001996,DEV9001996
ACC00001997,BANK5,CITY7,DEV0001997,DEV9001997
ACC00001998,BANK6,CITY8,DEV0001998,DEV9001998
ACC00001999,BANK7,CITY9,DEV0001999,DEV9001999
ACC00002000,BANK0,CITY0,DEV0002000,DEV9002000
ACC00002001,BANK1,CITY1,DEV0002001,DEV9002001
ACC00002002,BANK2,CITY2,DEV0002002,DEV9002002
ACC00002003,BANK3,CITY3,DEV0002003,DEV9002003
ACC00002004,BANK4,CITY4,DEV0002004,DEV9002004
ACC00002005,BANK5,CITY5,DEV0002005,DEV9002005
ACC00002006,BANK6,CITY6,DEV0002006,DEV9002006
ACC00002007,BANK7,CITY7,DEV0002007,DEV9002007
ACC00002008,BANK0,CITY8,DEV0002008,DEV9002008
ACC00002009,BANK1,CITY9,DEV0002009,DEV9002009
ACC00002010,BANK2,CITY0,DEV0002010,DEV9002010
ACC00002011,BANK3,CITY1,DEV0002011,DEV9002011
ACC00002012,BANK4,CITY2,DEV0002012,DEV9002012
ACC00002013,BANK5,CITY3,DEV0002013,DEV9002013
ACC00002014,BANK6,CITY4,DEV0002014,DEV9002014
ACC00002015,BANK7,CITY5,DEV0002015,DEV9002015
ACC00002016,BANK0,CITY6,DEV0002016,DEV9002016
ACC00002017,BANK1,CITY7,DEV0002017,DEV9002017
ACC00002018,BANK2,CITY8,DEV0002018,DEV9002018
ACC00002019,BANK3,CITY9,DEV0002019,DEV9002019
ACC00002020,BANK4,CITY0,DEV0002020,DEV9002020
ACC00002021,BANK5,CITY1,DEV0002021,DEV9002021
ACC00002022,BANK6,CITY2,DEV0002022,DEV9002022
ACC00002023,BANK7,CITY3,DEV0002023,DEV9002023
ACC00002024,BANK0,CITY4,DEV0002024,DEV9002024
ACC00002025,BANK1,CITY5,DEV0002025,DEV9002025
ACC00002026,BANK2,CITY6,DEV0002026,DEV9002026
ACC00002027,BANK3,CITY7,DEV0002027,DEV9002027
ACC00002028,BANK4,CITY8,DEV0002028,DEV9002028
ACC00002029,BANK5,CITY9,DEV0002029,DEV9002029
ACC00002030,BANK6,CITY0,DEV0002030,DEV9002030
ACC00002031,BANK7,CITY1,DEV0002031,DEV9002031
ACC00002032,BANK0,CITY2,DEV0002032,DEV9002032
ACC00002033,BANK1,CITY3,DEV0002033,DEV9002033
ACC00002034,BANK2,CITY4,DEV0002034,DEV9002034
ACC00002035,BANK3,CITY5,DEV0002035,DEV9002035
ACC00002036,BANK4,CITY6,DEV0002036,DEV9002036
ACC00002037,BANK5,CITY7,DEV0002037,DEV9002037
ACC00002038,BANK6,CITY8,DEV0002038,DEV9002038
ACC00002039,BANK7,CITY9,DEV0002039,DEV9002039
ACC00002040,BANK0,CITY0,DEV0002040,DEV9002040
ACC00002041,BANK1,CITY1,DEV0002041,DEV9002041
ACC00002042,BANK2,CITY2,DEV0002042,DEV9002042
ACC00002043,BANK3,CITY3,DEV0002043,DEV9002043
ACC00002044,BANK4,CITY4,DEV0002044,DEV9002044
ACC00002045,BANK5,CITY5,DEV0002045,DEV9002045
ACC00002046,BANK6,CITY6,DEV0002046,DEV9002046
ACC00002047,BANK7,CITY7,DEV0002047,DEV9002047
ACC00002048,BANK0,CITY8,DEV0002048,DEV9002048
ACC00002049,BANK1,CITY9,DEV0002049,DEV9002049
ACC00002050,BANK2,CITY0,DEV0002050,DEV9002050
ACC00002051,BANK3,CITY1,DEV0002051,DEV9002051
ACC00002052,BANK4,CITY2,DEV0002052,DEV9002052
ACC00002053,BANK5,CITY3,DEV0002053,DEV9002053
ACC00002054,BANK6,CITY4,DEV0002054,DEV9002054
ACC00002055,BANK7,CITY5,DEV0002055,DEV9002055
ACC00002056,BANK0,CITY6,DEV0002056,DEV9002056
ACC00002057,BANK1,CITY7,DEV0002057,DEV9002057
ACC00002058,BANK2,CITY8,DEV0002058,DEV9002058
ACC00002059,BANK3,CITY9,DEV0002059,DEV9002059
ACC00002060,BANK4,CITY0,DEV0002060,DEV9002060
ACC00002061,BANK5,CITY1,DEV0002061,DEV9002061
ACC00002062,BANK6,CITY2,DEV0002062,DEV9002062
ACC00002063,BANK7,CITY3,DEV0002063,DEV9002063
ACC00002064,BANK0,CITY4,DEV0002064,DEV9002064
ACC00002065,BANK1,CITY5,DEV0002065,DEV9002065
ACC00002066,BANK2,CITY6,DEV0002066,DEV9002066
ACC00002067,BANK3,CITY7,DEV0002067,DEV9002067
ACC00002068,BANK4,CITY8,DEV0002068,DEV9002068
ACC00002069,BANK5,CITY9,DEV0002069,DEV9002069
ACC00002070,BANK6,CITY0,DEV0002070,DEV9002070
ACC00002071,BANK7,CITY1,DEV0002071,DEV9002071
ACC00002072,BANK0,CITY2,DEV0002072,DEV9002072
ACC00002073,BANK1,CITY3,DEV0002073,DEV9002073
ACC00002074,BANK2,CITY4,DEV0002074,DEV9002074
ACC00002075,BANK3,CITY5,DEV0002075,DEV9002075
ACC00002076,BANK4,CITY6,DEV0002076,DEV9002076
ACC00002077,BANK5,CITY7,DEV0002077,DEV9002077
ACC00002078,BANK6,CITY8,DEV0002078,DEV9002078
ACC00002079,BANK7,CITY9,DEV0002079,DEV9002079
ACC00002080,BANK0,CITY0,DEV0002080,DEV9002080
ACC00002081,BANK1,CITY1,DEV0002081,DEV9002081
ACC00002082,BANK2,CITY2,DEV0002082,DEV9002082
ACC00002083,BANK3,CITY3,DEV0002083,DEV9002083
ACC00002084,BANK4,CITY4,DEV0002084,DEV9002084
ACC00002085,BANK5,CITY5,DEV0002085,DEV9002085
ACC00002086,BANK6,CITY6,DEV0002086,DEV9002086
ACC00002087,BANK7,CITY7,DEV0002087,DEV9002087
ACC00002088,BANK0,CITY8,DEV0002088,DEV9002088
ACC00002089,BANK1,CITY9,DEV0002089,DEV9002089
ACC00002090,BANK2,CITY0,DEV0002090,DEV9002090
ACC00002091,BANK3,CITY1,DEV0002091,DEV9002091
ACC00002092,BANK4,CITY2,DEV0002092,DEV9002092
ACC00002093,BANK5,CITY3,DEV0002093,DEV9002093
ACC00002094,BANK6,CITY4,DEV0002094,DEV9002094
ACC00002095,BANK7,CITY5,DEV0002095,DEV9002095
ACC00002096,BANK0,CITY6,DEV0002096,DEV9002096
ACC00002097,BANK1,CITY7,DEV0002097,DEV9002097
ACC00002098,BANK2,CITY8,DEV0002098,DEV9002098
ACC00002099,BANK3,CITY9,DEV0002099,DEV9002099
ACC00002100,BANK4,CITY0,DEV0002100,DEV9002100
ACC00002101,BANK5,CITY1,DEV0002101,DEV9002101
ACC00002102,BANK6,CITY2,DEV0002102,DEV9002102
ACC00002103,BANK7,CITY3,DEV0002103,DEV9002103
ACC00002104,BANK0,CITY4,DEV0002104,DEV9002104
ACC00002105,BANK1,CITY5,DEV0002105,DEV9002105
ACC00002106,BANK2,CITY6,DEV0002106,DEV9002106
ACC00002107,BANK3,CITY7,DEV0002107,DEV9002107
ACC00002108,BANK4,CITY8,DEV0002108,DEV9002108
ACC00002109,BANK5,CITY9,DEV0002109,DEV9002109
ACC00002110,BANK6,CITY0,DEV0002110,DEV9002110
ACC00002111,BANK7,CITY1,DEV0002111,DEV9002111
ACC00002112,BANK0,CITY2,DEV0002112,DEV9002112
ACC00002113,BANK1,CITY3,DEV0002113,DEV9002113
ACC00002114,BANK2,CITY4,DEV0002114,DEV9002114
ACC00002115,BANK3,CITY5,DEV0002115,DEV9002115
ACC00002116,BANK4,CITY6,DEV0002116,DEV9002116
ACC00002117,BANK5,CITY7,DEV0002117,DEV9002117
ACC00002118,BANK6,CITY8,DEV0002118,DEV9002118
ACC00002119,BANK7,CITY9,DEV0002119,DEV9002119
ACC00002120,BANK0,CITY0,DEV0002120,DEV9002120
ACC00002121,BANK1,CITY1,DEV0002121,DEV9002121
ACC00002122,BANK2,CITY2,DEV0002122,DEV9002122
ACC00002123,BANK3,CITY3,DEV0002123,DEV9002123
ACC00002124,BANK4,CITY4,DEV0002124,DEV9002124
ACC00002125,BANK5,CITY5,DEV0002125,DEV9002125
ACC00002126,BANK6,CITY6,DEV0002126,DEV9002126
ACC00002127,BANK7,CITY7,DEV0002127,DEV9002127
ACC00002128,BANK0,CITY8,DEV0002128,DEV9002128
ACC00002129,BANK1,CITY9,DEV0002129,DEV9002129
ACC00002130,BANK2,CITY0,DEV0002130,DEV9002130
ACC00002131,BANK3,CITY1,DEV0002131,DEV9002131
ACC00002132,BANK4,CITY2,DEV0002132,DEV9002132
ACC00002133,BANK5,CITY3,DEV0002133,DEV9002133
ACC00002134,BANK6,CITY4,DEV0002134,DEV9002134
ACC00002135,BANK7,CITY5,DEV0002135,DEV9002135
ACC00002136,BANK0,CITY6,DEV0002136,DEV9002136
ACC00002137,BANK1,CITY7,DEV0002137,DEV9002137
ACC00002138,BANK2,CITY8,DEV0002138,DEV9002138
ACC00002139,BANK3,CITY9,DEV0002139,DEV9002139
ACC00002140,BANK4,CITY0,DEV0002140,DEV9002140
ACC00002141,BANK5,CITY1,DEV0002141,DEV9002141
ACC00002142,BANK6,CITY2,DEV0002142,DEV9002142
ACC00002143,BANK7,CITY3,DEV0002143,DEV9002143
ACC00002144,BANK0,CITY4,DEV0002144,DEV9002144
ACC00002145,BANK1,CITY5,DEV0002145,DEV9002145
ACC00002146,BANK2,CITY6,DEV0002146,DEV9002146
ACC00002147,BANK3,CITY7,DEV0002147,DEV9002147
ACC00002148,BANK4,CITY8,DEV0002148,DEV9002148
ACC00002149,BANK5,CITY9,DEV0002149,DEV9002149
ACC00002150,BANK6,CITY0,DEV0002150,DEV9002150
ACC00002151,BANK7,CITY1,DEV0002151,DEV9002151
ACC00002152,BANK0,CITY2,DEV0002152,DEV9002152
ACC00002153,BANK1,CITY3,DEV0002153,DEV9002153
ACC00002154,BANK2,CITY4,DEV0002154,DEV9002154
ACC00002155,BANK3,CITY5,DEV0002155,DEV9002155
ACC00002156,BANK4,CITY6,DEV0002156,DEV9002156
ACC00002157,BANK5,CITY7,DEV0002157,DEV9002157
ACC00002158,BANK6,CITY8,DEV0002158,DEV9002158
ACC00002159,BANK7,CITY9,DEV0002159,DEV9002159
ACC00002160,BANK0,CITY0,DEV0002160,DEV9002160
ACC00002161,BANK1,CITY1,DEV0002161,DEV9002161
ACC00002162,BANK2,CITY2,DEV0002162,DEV9002162
ACC00002163,BANK3,CITY3,DEV0002163,DEV9002163
ACC00002164,BANK4,CITY4,DEV0002164,DEV9002164
ACC00002165,BANK5,CITY5,DEV0002165,DEV9002165
ACC00002166,BANK6,CITY6,DEV0002166,DEV9002166
ACC00002167,BANK7,CITY7,DEV0002167,DEV9002167
ACC00002168,BANK0,CITY8,DEV0002168,DEV9002168
ACC00002169,BANK1,CITY9,DEV0002169,DEV9002169
ACC00002170,BANK2,CITY0,DEV0002170,DEV9002170
ACC00002171,BANK3,CITY1,DEV0002171,DEV9002171
ACC00002172,BANK4,CITY2,DEV0002172,DEV9002172
ACC00002173,BANK5,CITY3,DEV0002173,DEV9002173
ACC00002174,BANK6,CITY4,DEV0002174,DEV9002174
ACC00002175,BANK7,CITY5,DEV0002175,DEV9002175
ACC00002176,BANK0,CITY6,DEV0002176,DEV9002176
ACC00002177,BANK1,CITY7,DEV0002177,DEV9002177
ACC00002178,BANK2,CITY8,DEV0002178,DEV9002178
ACC00002179,BANK3,CITY9,DEV0002179,DEV9002179
ACC00002180,BANK4,CITY0,DEV0002180,DEV9002180
ACC00002181,BANK5,CITY1,DEV0002181,DEV9002181
ACC00002182,BANK6,CITY2,DEV0002182,DEV9002182
ACC00002183,BANK7,CITY3,DEV0002183,DEV9002183
ACC00002184,BANK0,CITY4,DEV0002184,DEV9002184
ACC00002185,BANK1,CITY5,DEV0002185,DEV9002185
ACC00002186,BANK2,CITY6,DEV0002186,DEV9002186
ACC00002187,BANK3,CITY7,DEV0002187,DEV9002187
ACC00002188,BANK4,CITY8,DEV0002188,DEV9002188
ACC00002189,BANK5,CITY9,DEV0002189,DEV9002189
ACC00002190,BANK6,CITY0,DEV0002190,DEV9002190
ACC00002191,BANK7,CITY1,DEV0002191,DEV9002191
ACC00002192,BANK0,CITY2,DEV0002192,DEV9002192
ACC00002193,BANK1,CITY3,DEV0002193,DEV9002193
ACC00002194,BANK2,CITY4,DEV0002194,DEV9002194
ACC00002195,BANK3,CITY5,DEV0002195,DEV9002195
ACC00002196,BANK4,CITY6,DEV0002196,DEV9002196
ACC00002197,BANK5,CITY7,DEV0002197,DEV9002197
ACC00002198,BANK6,CITY8,DEV0002198,DEV9002198
ACC00002199,BANK7,CITY9,DEV0002199,DEV9002199
ACC00002200,BANK0,CITY0,DEV0002200,DEV9002200
ACC00002201,BANK1,CITY1,DEV0002201,DEV9002201
ACC00002202,BANK2,CITY2,DEV0002202,DEV9002202
ACC00002203,BANK3,CITY3,DEV0002203,DEV9002203
ACC00002204,BANK4,CITY4,DEV0002204,DEV9002204
ACC00002205,BANK5,CITY5,DEV0002205,DEV9002205
ACC00002206,BANK6,CITY6,DEV0002206,DEV9002206
ACC00002207,BANK7,CITY7,DEV0002207,DEV9002207
ACC00002208,BANK0,CITY8,DEV0002208,DEV9002208
ACC00002209,BANK1,CITY9,DEV0002209,DEV9002209
ACC00002210,BANK2,CITY0,DEV0002210,DEV9002210
ACC00002211,BANK3,CITY1,DEV0002211,DEV9002211
ACC00002212,BANK4,CITY2,DEV0002212,DEV9002212
ACC00002213,BANK5,CITY3,DEV0002213,DEV9002213
ACC00002214,BANK6,CITY4,DEV0002214,DEV9002214
ACC00002215,BANK7,CITY5,DEV0002215,DEV9002215
ACC00002216,BANK0,CITY6,DEV0002216,DEV9002216
ACC00002217,BANK1,CITY7,DEV0002217,DEV9002217
ACC00002218,BANK2,CITY8,DEV0002218,DEV9002218
ACC00002219,BANK3,CITY9,DEV0002219,DEV9002219
ACC00002220,BANK4,CITY0,DEV0002220,DEV9002220
ACC00002221,BANK5,CITY1,DEV0002221,DEV9002221
ACC00002222,BANK6,CITY2,DEV0002222,DEV9002222
ACC00002223,BANK7,CITY3,DEV0002223,DEV9002223
ACC00002224,BANK0,CITY4,DEV0002224,DEV9002224
ACC00002225,BANK1,CITY5,DEV0002225,DEV9002225
ACC00002226,BANK2,CITY6,DEV0002226,DEV9002226
ACC00002227,BANK3,CITY7,DEV0002227,DEV9002227
ACC00002228,BANK4,CITY8,DEV0002228,DEV9002228
ACC00002229,BANK5,CITY9,DEV0002229,DEV9002229
ACC00002230,BANK6,CITY0,DEV0002230,DEV9002230
ACC00002231,BANK7,CITY1,DEV0002231,DEV9002231
ACC00002232,BANK0,CITY2,DEV0002232,DEV9002232
ACC00002233,BANK1,CITY3,DEV0002233,DEV9002233
ACC00002234,BANK2,CITY4,DEV0002234,DEV9002234
ACC00002235,BANK3,CITY5,DEV0002235,DEV9002235
ACC00002236,BANK4,CITY6,DEV0002236,DEV9002236
ACC00002237,BANK5,CITY7,DEV0002237,DEV9002237
ACC00002238,BANK6,CITY8,DEV0002238,DEV9002238
ACC00002239,BANK7,CITY9,DEV0002239,DEV9002239
ACC00002240,BANK0,CITY0,DEV0002240,DEV9002240
ACC00002241,BANK1,CITY1,DEV0002241,DEV9002241
ACC00002242,BANK2,CITY2,DEV0002242,DEV9002242
ACC00002243,BANK3,CITY3,DEV0002243,DEV9002243
ACC00002244,BANK4,CITY4,DEV0002244,DEV9002244
ACC00002245,BANK5,CITY5,DEV0002245,DEV9002245
ACC00002246,BANK6,CITY6,DEV0002246,DEV9002246
ACC00002247,BANK7,CITY7,DEV0002247,DEV9002247
ACC00002248,BANK0,CITY8,DEV0002248,DEV9002248
ACC00002249,BANK1,CITY9,DEV0002249,DEV9002249
ACC00002250,BANK2,CITY0,DEV0002250,DEV9002250
ACC00002251,BANK3,CITY1,DEV0002251,DEV9002251
ACC00002252,BANK4,CITY2,DEV0002252,DEV9002252
ACC00002253,BANK5,CITY3,DEV0002253,DEV9002253
ACC00002254,BANK6,CITY4,DEV0002254,DEV9002254
ACC00002255,BANK7,CITY5,DEV0002255,DEV9002255
ACC00002256,BANK0,CITY6,DEV0002256,DEV9002256
ACC00002257,BANK1,CITY7,DEV0002257,DEV9002257
ACC00002258,BANK2,CITY8,DEV0002258,DEV9002258
ACC00002259,BANK3,CITY9,DEV0002259,DEV9002259
ACC00002260,BANK4,CITY0,DEV0002260,DEV9002260
ACC00002261,BANK5,CITY1,DEV0002261,DEV9002261
ACC00002262,BANK6,CITY2,DEV0002262,DEV9002262
ACC00002263,BANK7,CITY3,DEV0002263,DEV9002263
ACC00002264,BANK0,CITY4,DEV0002264,DEV9002264
ACC00002265,BANK1,CITY5,DEV0002265,DEV9002265
ACC00002266,BANK2,CITY6,DEV0002266,DEV9002266
ACC00002267,BANK3,CITY7,DEV0002267,DEV9002267
ACC00002268,BANK4,CITY8,DEV0002268,DEV9002268
ACC00002269,BANK5,CITY9,DEV0002269,DEV9002269
ACC00002270,BANK6,CITY0,DEV0002270,DEV9002270
ACC00002271,BANK7,CITY1,DEV0002271,DEV9002271
ACC00002272,BANK0,CITY2,DEV0002272,DEV9002272
ACC00002273,BANK1,CITY3,DEV0002273,DEV9002273
ACC00002274,BANK2,CITY4,DEV0002274,DEV9002274
ACC00002275,BANK3,CITY5,DEV0002275,DEV9002275
ACC00002276,BANK4,CITY6,DEV0002276,DEV9002276
ACC00002277,BANK5,CITY7,DEV0002277,DEV9002277
ACC00002278,BANK6,CITY8,DEV0002278,DEV9002278
ACC00002279,BANK7,CITY9,DEV0002279,DEV9002279
ACC00002280,BANK0,CITY0,DEV0002280,DEV9002280
ACC00002281,BANK1,CITY1,DEV0002281,DEV9002281
ACC00002282,BANK2,CITY2,DEV0002282,DEV9002282
ACC00002283,BANK3,CITY3,DEV0002283,DEV9002283
ACC00002284,BANK4,CITY4,DEV0002284,DEV9002284
ACC00002285,BANK5,CITY5,DEV0002285,DEV9002285
ACC00002286,BANK6,CITY6,DEV0002286,DEV9002286
ACC00002287,BANK7,CITY7,DEV0002287,DEV9002287
ACC00002288,BANK0,CITY8,DEV0002288,DEV9002288
ACC00002289,BANK1,CITY9,DEV0002289,DEV9002289
ACC00002290,BANK2,CITY0,DEV0002290,DEV9002290
ACC00002291,BANK3,CITY1,DEV0002291,DEV9002291
ACC00002292,BANK4,CITY2,DEV0002292,DEV9002292
ACC00002293,BANK5,CITY3,DEV0002293,DEV9002293
ACC00002294,BANK6,CITY4,DEV0002294,DEV9002294
ACC00002295,BANK7,CITY5,DEV0002295,DEV9002295
ACC00002296,BANK0,CITY6,DEV0002296,DEV9002296
ACC00002297,BANK1,CITY7,DEV0002297,DEV9002297
ACC00002298,BANK2,CITY8,DEV0002298,DEV9002298
ACC00002299,BANK3,CITY9,DEV0002299,DEV9002299
ACC00002300,BANK4,CITY0,DEV0002300,DEV9002300
ACC00002301,BANK5,CITY1,DEV0002301,DEV9002301
ACC00002302,BANK6,CITY2,DEV0002302,DEV9002302
ACC00002303,BANK7,CITY3,DEV0002303,DEV9002303
ACC00002304,BANK0,CITY4,DEV0002304,DEV9002304
ACC00002305,BANK1,CITY5,DEV0002305,DEV9002305
ACC00002306,BANK2,CITY6,DEV0002306,DEV9002306
ACC00002307,BANK3,CITY7,DEV0002307,DEV9002307
ACC00002308,BANK4,CITY8,DEV0002308,DEV9002308
ACC00002309,BANK5,CITY9,DEV0002309,DEV9002309
ACC00002310,BANK6,CITY0,DEV0002310,DEV9002310
ACC00002311,BANK7,CITY1,DEV0002311,DEV9002311
ACC00002312,BANK0,CITY2,DEV0002312,DEV9002312
ACC00002313,BANK1,CITY3,DEV0002313,DEV9002313
ACC00002314,BANK2,CITY4,DEV0002314,DEV9002314
ACC00002315,BANK3,CITY5,DEV0002315,DEV9002315
ACC00002316,BANK4,CITY6,DEV0002316,DEV9002316
ACC00002317,BANK5,CITY7,DEV0002317,DEV9002317
ACC00002318,BANK6,CITY8,DEV0002318,DEV9002318
ACC00002319,BANK7,CITY9,DEV0002319,DEV9002319
ACC00002320,BANK0,CITY0,DEV0002320,DEV9002320
ACC00002321,BANK1,CITY1,DEV0002321,DEV9002321
ACC00002322,BANK2,CITY2,DEV0002322,DEV9002322
ACC00002323,BANK3,CITY3,DEV0002323,DEV9002323
ACC00002324,BANK4,CITY4,DEV0002324,DEV9002324
ACC00002325,BANK5,CITY5,DEV0002325,DEV9002325
ACC00002326,BANK6,CITY6,DEV0002326,DEV9002326
ACC00002327,BANK7,CITY7,DEV0002327,DEV9002327
ACC00002328,BANK0,CITY8,DEV0002328,DEV9002328
ACC00002329,BANK1,CITY9,DEV0002329,DEV9002329
ACC00002330,BANK2,CITY0,DEV0002330,DEV9002330
ACC00002331,BANK3,CITY1,DEV0002331,DEV9002331
ACC00002332,BANK4,CITY2,DEV0002332,DEV9002332
ACC00002333,BANK5,CITY3,DEV0002333,DEV9002333
ACC00002334,BANK6,CITY4,DEV0002334,DEV9002334
ACC00002335,BANK7,CITY5,DEV0002335,DEV9002335
ACC00002336,BANK0,CITY6,DEV0002336,DEV9002336
ACC00002337,BANK1,CITY7,DEV0002337,DEV9002337
ACC00002338,BANK2,CITY8,DEV0002338,DEV9002338
ACC00002339,BANK3,CITY9,DEV0002339,DEV9002339
ACC00002340,BANK4,CITY0,DEV0002340,DEV9002340
ACC00002341,BANK5,CITY1,DEV0002341,DEV9002341
ACC00002342,BANK6,CITY2,DEV0002342,DEV9002342
ACC00002343,BANK7,CITY3,DEV0002343,DEV9002343
ACC00002344,BANK0,CITY4,DEV0002344,DEV9002344
ACC00002345,BANK1,CITY5,DEV0002345,DEV9002345
ACC00002346,BANK2,CITY6,DEV0002346,DEV9002346
ACC00002347,BANK3,CITY7,DEV0002347,DEV9002347
ACC00002348,BANK4,CITY8,DEV0002348,DEV9002348
ACC00002349,BANK5,CITY9,DEV0002349,DEV9002349
ACC00002350,BANK6,CITY0,DEV0002350,DEV9002350
ACC00002351,BANK7,CITY1,DEV0002351,DEV9002351
ACC00002352,BANK0,CITY2,DEV0002352,DEV9002352
ACC00002353,BANK1,CITY3,DEV0002353,DEV9002353
ACC00002354,BANK2,CITY4,DEV0002354,DEV9002354
ACC00002355,BANK3,CITY5,DEV0002355,DEV9002355
ACC00002356,BANK4,CITY6,DEV0002356,DEV9002356
ACC00002357,BANK5,CITY7,DEV0002357,DEV9002357
ACC00002358,BANK6,CITY8,DEV0002358,DEV9002358
ACC00002359,BANK7,CITY9,DEV0002359,DEV9002359
ACC00002360,BANK0,CITY0,DEV0002360,DEV9002360
ACC00002361,BANK1,CITY1,DEV0002361,DEV9002361
ACC00002362,BANK2,CITY2,DEV0002362,DEV9002362
ACC00002363,BANK3,CITY3,DEV0002363,DEV9002363
ACC00002364,BANK4,CITY4,DEV0002364,DEV9002364
ACC00002365,BANK5,CITY5,DEV0002365,DEV9002365
ACC00002366,BANK6,CITY6,DEV0002366,DEV9002366
ACC00002367,BANK7,CITY7,DEV0002367,DEV9002367
ACC00002368,BANK0,CITY8,DEV0002368,DEV9002368
ACC00002369,BANK1,CITY9,DEV0002369,DEV9002369
ACC00002370,BANK2,CITY0,DEV0002370,DEV9002370
ACC00002371,BANK3,CITY1,DEV0002371,DEV9002371
ACC00002372,BANK4,CITY2,DEV0002372,DEV9002372
ACC00002373,BANK5,CITY3,DEV0002373,DEV9002373
ACC00002374,BANK6,CITY4,DEV0002374,DEV9002374
ACC00002375,BANK7,CITY5,DEV0002375,DEV9002375
ACC00002376,BANK0,CITY6,DEV0002376,DEV9002376
ACC00002377,BANK1,CITY7,DEV0002377,DEV9002377
ACC00002378,BANK2,CITY8,DEV0002378,DEV9002378
ACC00002379,BANK3,CITY9,DEV0002379,DEV9002379
ACC00002380,BANK4,CITY0,DEV0002380,DEV9002380
ACC00002381,BANK5,CITY1,DEV0002381,DEV9002381
ACC00002382,BANK6,CITY2,DEV0002382,DEV9002382
ACC00002383,BANK7,CITY3,DEV0002383,DEV9002383
ACC00002384,BANK0,CITY4,DEV0002384,DEV9002384
ACC00002385,BANK1,CITY5,DEV0002385,DEV9002385
ACC00002386,BANK2,CITY6,DEV0002386,DEV9002386
ACC00002387,BANK3,CITY7,DEV0002387,DEV9002387
ACC00002388,BANK4,CITY8,DEV0002388,DEV9002388
ACC00002389,BANK5,CITY9,DEV0002389,DEV9002389
ACC00002390,BANK6,CITY0,DEV0002390,DEV9002390
ACC00002391,BANK7,CITY1,DEV0002391,DEV9002391
ACC00002392,BANK0,CITY2,DEV0002392,DEV9002392
ACC00002393,BANK1,CITY3,DEV0002393,DEV9002393
ACC00002394,BANK2,CITY4,DEV0002394,DEV9002394
ACC00002395,BANK3,CITY5,DEV0002395,DEV9002395
ACC00002396,BANK4,CITY6,DEV0002396,DEV9002396
ACC00002397,BANK5,CITY7,DEV0002397,DEV9002397
ACC00002398,BANK6,CITY8,DEV0002398,DEV9002398
ACC00002399,BANK7,CITY9,DEV0002399,DEV9002399
ACC00002400,BANK0,CITY0,DEV0002400,DEV9002400
ACC00002401,BANK1,CITY1,DEV0002401,DEV9002401
ACC00002402,BANK2,CITY2,DEV0002402,DEV9002402
ACC00002403,BANK3,CITY3,DEV0002403,DEV9002403
ACC00002404,BANK4,CITY4,DEV0002404,DEV9002404
ACC00002405,BANK5,CITY5,DEV0002405,DEV9002405
ACC00002406,BANK6,CITY6,DEV0002406,DEV9002406
ACC00002407,BANK7,CITY7,DEV0002407,DEV9002407
ACC00002408,BANK0,CITY8,DEV0002408,DEV9002408
ACC00002409,BANK1,CITY9,DEV0002409,DEV9002409
ACC00002410,BANK2,CITY0,DEV0002410,DEV9002410
ACC00002411,BANK3,CITY1,DEV0002411,DEV9002411
ACC00002412,BANK4,CITY2,DEV0002412,DEV9002412
ACC00002413,BANK5,CITY3,DEV0002413,DEV9002413
ACC00002414,BANK6,CITY4,DEV0002414,DEV9002414
ACC00002415,BANK7,CITY5,DEV0002415,DEV9002415
ACC00002416,BANK0,CITY6,DEV0002416,DEV9002416
ACC00002417,BANK1,CITY7,DEV0002417,DEV9002417
ACC00002418,BANK2,CITY8,DEV0002418,DEV9002418
ACC00002419,BANK3,CITY9,DEV0002419,DEV9002419
ACC00002420,BANK4,CITY0,DEV0002420,DEV9002420
ACC00002421,BANK5,CITY1,DEV0002421,DEV9002421
ACC00002422,BANK6,CITY2,DEV0002422,DEV9002422
ACC00002423,BANK7,CITY3,DEV0002423,DEV9002423
ACC00002424,BANK0,CITY4,DEV0002424,DEV9002424
ACC00002425,BANK1,CITY5,DEV0002425,DEV9002425
ACC00002426,BANK2,CITY6,DEV0002426,DEV9002426
ACC00002427,BANK3,CITY7,DEV0002427,DEV9002427
ACC00002428,BANK4,CITY8,DEV0002428,DEV9002428
ACC00002429,BANK5,CITY9,DEV0002429,DEV9002429
ACC00002430,BANK6,CITY0,DEV0002430,DEV9002430
ACC00002431,BANK7,CITY1,DEV0002431,DEV9002431
ACC00002432,BANK0,CITY2,DEV0002432,DEV9002432
ACC00002433,BANK1,CITY3,DEV0002433,DEV9002433
ACC00002434,BANK2,CITY4,DEV0002434,DEV9002434
ACC00002435,BANK3,CITY5,DEV0002435,DEV9002435
ACC00002436,BANK4,CITY6,DEV0002436,DEV9002436
ACC00002437,BANK5,CITY7,DEV0002437,DEV9002437
ACC00002438,BANK6,CITY8,DEV0002438,DEV9002438
ACC00002439,BANK7,CITY9,DEV0002439,DEV9002439
ACC00002440,BANK0,CITY0,DEV0002440,DEV9002440
ACC00002441,BANK1,CITY1,DEV0002441,DEV9002441
ACC00002442,BANK2,CITY2,DEV0002442,DEV9002442
ACC00002443,BANK3,CITY3,DEV0002443,DEV9002443
ACC00002444,BANK4,CITY4,DEV0002444,DEV9002444
ACC00002445,BANK5,CITY5,DEV0002445,DEV9002445
ACC00002446,BANK6,CITY6,DEV0002446,DEV9002446
ACC00002447,BANK7,CITY7,DEV0002447,DEV9002447
ACC00002448,BANK0,CITY8,DEV0002448,DEV9002448
ACC00002449,BANK1,CITY9,DEV0002449,DEV9002449
ACC00002450,BANK2,CITY0,DEV0002450,DEV9002450
ACC00002451,BANK3,CITY1,DEV0002451,DEV9002451
ACC00002452,BANK4,CITY2,DEV0002452,DEV9002452
ACC00002453,BANK5,CITY3,DEV0002453,DEV9002453
ACC00002454,BANK6,CITY4,DEV0002454,DEV9002454
ACC00002455,BANK7,CITY5,DEV0002455,DEV9002455
ACC00002456,BANK0,CITY6,DEV0002456,DEV9002456
ACC00002457,BANK1,CITY7,DEV0002457,DEV9002457
ACC00002458,BANK2,CITY8,DEV0002458,DEV9002458
ACC00002459,BANK3,CITY9,DEV0002459,DEV9002459
ACC00002460,BANK4,CITY0,DEV0002460,DEV9002460
ACC00002461,BANK5,CITY1,DEV0002461,DEV9002461
ACC00002462,BANK6,CITY2,DEV0002462,DEV9002462
ACC00002463,BANK7,CITY3,DEV0002463,DEV9002463
ACC00002464,BANK0,CITY4,DEV0002464,DEV9002464
ACC00002465,BANK1,CITY5,DEV0002465,DEV9002465
ACC00002466,BANK2,CITY6,DEV0002466,DEV9002466
ACC00002467,BANK3,CITY7,DEV0002467,DEV9002467
ACC00002468,BANK4,CITY8,DEV0002468,DEV9002468
ACC00002469,BANK5,CITY9,DEV0002469,DEV9002469
ACC00002470,BANK6,CITY0,DEV0002470,DEV9002470
ACC00002471,BANK7,CITY1,DEV0002471,DEV9002471
ACC00002472,BANK0,CITY2,DEV0002472,DEV9002472
ACC00002473,BANK1,CITY3,DEV0002473,DEV9002473
ACC00002474,BANK2,CITY4,DEV0002474,DEV9002474
ACC00002475,BANK3,CITY5,DEV0002475,DEV9002475
ACC00002476,BANK4,CITY6,DEV0002476,DEV9002476
ACC00002477,BANK5,CITY7,DEV0002477,DEV9002477
ACC00002478,BANK6,CITY8,DEV0002478,DEV9002478
ACC00002479,BANK7,CITY9,DEV0002479,DEV9002479
ACC00002480,BANK0,CITY0,DEV0002480,DEV9002480
ACC00002481,BANK1,CITY1,DEV0002481,DEV9002481
ACC00002482,BANK2,CITY2,DEV0002482,DEV9002482
ACC00002483,BANK3,CITY3,DEV0002483,DEV9002483
ACC00002484,BANK4,CITY4,DEV0002484,DEV9002484
ACC00002485,BANK5,CITY5,DEV0002485,DEV9002485
ACC00002486,BANK6,CITY6,DEV0002486,DEV9002486
ACC00002487,BANK7,CITY7,DEV0002487,DEV9002487
ACC00002488,BANK0,CITY8,DEV0002488,DEV9002488
ACC00002489,BANK1,CITY9,DEV0002489,DEV9002489
ACC00002490,BANK2,CITY0,DEV0002490,DEV9002490
ACC00002491,BANK3,CITY1,DEV0002491,DEV9002491
ACC00002492,BANK4,CITY2,DEV0002492,DEV9002492
ACC00002493,BANK5,CITY3,DEV0002493,DEV9002493
ACC00002494,BANK6,CITY4,DEV0002494,DEV9002494
ACC00002495,BANK7,CITY5,DEV0002495,DEV9002495
ACC00002496,BANK0,CITY6,DEV0002496,DEV9002496
ACC00002497,BANK1,CITY7,DEV0002497,DEV9002497
ACC00002498,BANK2,CITY8,DEV0002498,DEV9002498
ACC00002499,BANK3,CITY9,DEV0002499,DEV9002499
ACC00002500,BANK4,CITY0,DEV0002500,DEV9002500
ACC00002501,BANK5,CITY1,DEV0002501,DEV9002501
ACC00002502,BANK6,CITY2,DEV0002502,DEV9002502
ACC00002503,BANK7,CITY3,DEV0002503,DEV9002503
ACC00002504,BANK0,CITY4,DEV0002504,DEV9002504
ACC00002505,BANK1,CITY5,DEV0002505,DEV9002505
ACC00002506,BANK2,CITY6,DEV0002506,DEV9002506
ACC00002507,BANK3,CITY7,DEV0002507,DEV9002507
ACC00002508,BANK4,CITY8,DEV0002508,DEV9002508
ACC00002509,BANK5,CITY9,DEV0002509,DEV9002509
ACC00002510,BANK6,CITY0,DEV0002510,DEV9002510
ACC00002511,BANK7,CITY1,DEV0002511,DEV9002511
ACC00002512,BANK0,CITY2,DEV0002512,DEV9002512
ACC00002513,BANK1,CITY3,DEV0002513,DEV9002513
ACC00002514,BANK2,CITY4,DEV0002514,DEV9002514
ACC00002515,BANK3,CITY5,DEV0002515,DEV9002515
ACC00002516,BANK4,CITY6,DEV0002516,DEV9002516
ACC00002517,BANK5,CITY7,DEV0002517,DEV9002517
ACC00002518,BANK6,CITY8,DEV0002518,DEV9002518
ACC00002519,BANK7,CITY9,DEV0002519,DEV9002519
ACC00002520,BANK0,CITY0,DEV0002520,DEV9002520
ACC00002521,BANK1,CITY1,DEV0002521,DEV9002521
ACC00002522,BANK2,CITY2,DEV0002522,DEV9002522
ACC00002523,BANK3,CITY3,DEV0002523,DEV9002523
ACC00002524,BANK4,CITY4,DEV0002524,DEV9002524
ACC00002525,BANK5,CITY5,DEV0002525,DEV9002525
ACC00002526,BANK6,CITY6,DEV0002526,DEV9002526
ACC00002527,BANK7,CITY7,DEV0002527,DEV9002527
ACC00002528,BANK0,CITY8,DEV0002528,DEV9002528
ACC00002529,BANK1,CITY9,DEV0002529,DEV9002529
ACC00002530,BANK2,CITY0,DEV0002530,DEV9002530
ACC00002531,BANK3,CITY1,DEV0002531,DEV9002531
ACC00002532,BANK4,CITY2,DEV0002532,DEV9002532
ACC00002533,BANK5,CITY3,DEV0002533,DEV9002533
ACC00002534,BANK6,CITY4,DEV0002534,DEV9002534
ACC00002535,BANK7,CITY5,DEV0002535,DEV9002535
ACC00002536,BANK0,CITY6,DEV0002536,DEV9002536
ACC00002537,BANK1,CITY7,DEV0002537,DEV9002537
ACC00002538,BANK2,CITY8,DEV0002538,DEV9002538
ACC00002539,BANK3,CITY9,DEV0002539,DEV9002539
ACC00002540,BANK4,CITY0,DEV0002540,DEV9002540
ACC00002541,BANK5,CITY1,DEV0002541,DEV9002541
ACC00002542,BANK6,CITY2,DEV0002542,DEV9002542
ACC00002543,BANK7,CITY3,DEV0002543,DEV9002543
ACC00002544,BANK0,CITY4,DEV0002544,DEV9002544
ACC00002545,BANK1,CITY5,DEV0002545,DEV9002545
ACC00002546,BANK2,CITY6,DEV0002546,DEV9002546
ACC00002547,BANK3,CITY7,DEV0002547,DEV9002547
ACC00002548,BANK4,CITY8,DEV0002548,DEV9002548
ACC00002549,BANK5,CITY9,DEV0002549,DEV9002549
ACC00002550,BANK6,CITY0,DEV0002550,DEV9002550
ACC00002551,BANK7,CITY1,DEV0002551,DEV9002551
ACC00002552,BANK0,CITY2,DEV0002552,DEV9002552
ACC00002553,BANK1,CITY3,DEV0002553,DEV9002553
ACC00002554,BANK2,CITY4,DEV0002554,DEV9002554
ACC00002555,BANK3,CITY5,DEV0002555,DEV9002555
ACC00002556,BANK4,CITY6,DEV0002556,DEV9002556
ACC00002557,BANK5,CITY7,DEV0002557,DEV9002557
ACC00002558,BANK6,CITY8,DEV0002558,DEV9002558
ACC00002559,BANK7,CITY9,DEV0002559,DEV9002559
ACC00002560,BANK0,CITY0,DEV0002560,DEV9002560
ACC00002561,BANK1,CITY1,DEV0002561,DEV9002561
ACC00002562,BANK2,CITY2,DEV0002562,DEV9002562
ACC00002563,BANK3,CITY3,DEV0002563,DEV9002563
ACC00002564,BANK4,CITY4,DEV0002564,DEV9002564
ACC00002565,BANK5,CITY5,DEV0002565,DEV9002565
ACC00002566,BANK6,CITY6,DEV0002566,DEV9002566
ACC00002567,BANK7,CITY7,DEV0002567,DEV9002567
ACC00002568,BANK0,CITY8,DEV0002568,DEV9002568
ACC00002569,BANK1,CITY9,DEV0002569,DEV9002569
ACC00002570,BANK2,CITY0,DEV0002570,DEV9002570
ACC00002571,BANK3,CITY1,DEV0002571,DEV9002571
ACC00002572,BANK4,CITY2,DEV0002572,DEV9002572
ACC00002573,BANK5,CITY3,DEV0002573,DEV9002573
ACC00002574,BANK6,CITY4,DEV0002574,DEV9002574
ACC00002575,BANK7,CITY5,DEV0002575,DEV9002575
ACC00002576,BANK0,CITY6,DEV0002576,DEV9002576
ACC00002577,BANK1,CITY7,DEV0002577,DEV9002577
ACC00002578,BANK2,CITY8,DEV0002578,DEV9002578
ACC00002579,BANK3,CITY9,DEV0002579,DEV9002579
ACC00002580,BANK4,CITY0,DEV0002580,DEV9002580
ACC00002581,BANK5,CITY1,DEV0002581,DEV9002581
ACC00002582,BANK6,CITY2,DEV0002582,DEV9002582
ACC00002583,BANK7,CITY3,DEV0002583,DEV9002583
ACC00002584,BANK0,CITY4,DEV0002584,DEV9002584
ACC00002585,BANK1,CITY5,DEV0002585,DEV9002585
ACC00002586,BANK2,CITY6,DEV0002586,DEV9002586
ACC00002587,BANK3,CITY7,DEV0002587,DEV9002587
ACC00002588,BANK4,CITY8,DEV0002588,DEV9002588
ACC00002589,BANK5,CITY9,DEV0002589,DEV9002589
ACC00002590,BANK6,CITY0,DEV0002590,DEV9002590
ACC00002591,BANK7,CITY1,DEV0002591,DEV9002591
ACC00002592,BANK0,CITY2,DEV0002592,DEV9002592
ACC00002593,BANK1,CITY3,DEV0002593,DEV9002593
ACC00002594,BANK2,CITY4,DEV0002594,DEV9002594
ACC00002595,BANK3,CITY5,DEV0002595,DEV9002595
ACC00002596,BANK4,CITY6,DEV0002596,DEV9002596
ACC00002597,BANK5,CITY7,DEV0002597,DEV9002597
ACC00002598,BANK6,CITY8,DEV0002598,DEV9002598
ACC00002599,BANK7,CITY9,DEV0002599,DEV9002599
ACC00002600,BANK0,CITY0,DEV0002600,DEV9002600
ACC00002601,BANK1,CITY1,DEV0002601,DEV9002601
ACC00002602,BANK2,CITY2,DEV0002602,DEV9002602
ACC00002603,BANK3,CITY3,DEV0002603,DEV9002603
ACC00002604,BANK4,CITY4,DEV0002604,DEV9002604
ACC00002605,BANK5,CITY5,DEV0002605,DEV9002605
ACC00002606,BANK6,CITY6,DEV0002606,DEV9002606
ACC00002607,BANK7,CITY7,DEV0002607,DEV9002607
ACC00002608,BANK0,CITY8,DEV0002608,DEV9002608
ACC00002609,BANK1,CITY9,DEV0002609,DEV9002609
ACC00002610,BANK2,CITY0,DEV0002610,DEV9002610
ACC00002611,BANK3,CITY1,DEV0002611,DEV9002611
ACC00002612,BANK4,CITY2,DEV0002612,DEV9002612
ACC00002613,BANK5,CITY3,DEV0002613,DEV9002613
ACC00002614,BANK6,CITY4,DEV0002614,DEV9002614
ACC00002615,BANK7,CITY5,DEV0002615,DEV9002615
ACC00002616,BANK0,CITY6,DEV0002616,DEV9002616
ACC00002617,BANK1,CITY7,DEV0002617,DEV9002617
ACC00002618,BANK2,CITY8,DEV0002618,DEV9002618
ACC00002619,BANK3,CITY9,DEV0002619,DEV9002619
ACC00002620,BANK4,CITY0,DEV0002620,DEV9002620
ACC00002621,BANK5,CITY1,DEV0002621,DEV9002621
ACC00002622,BANK6,CITY2,DEV0002622,DEV9002622
ACC00002623,BANK7,CITY3,DEV0002623,DEV9002623
ACC00002624,BANK0,CITY4,DEV0002624,DEV9002624
ACC00002625,BANK1,CITY5,DEV0002625,DEV9002625
ACC00002626,BANK2,CITY6,DEV0002626,DEV9002626
ACC00002627,BANK3,CITY7,DEV0002627,DEV9002627
ACC00002628,BANK4,CITY8,DEV0002628,DEV9002628
ACC00002629,BANK5,CITY9,DEV0002629,DEV9002629
ACC00002630,BANK6,CITY0,DEV0002630,DEV9002630
ACC00002631,BANK7,CITY1,DEV0002631,DEV9002631
ACC00002632,BANK0,CITY2,DEV0002632,DEV9002632
ACC00002633,BANK1,CITY3,DEV0002633,DEV9002633
ACC00002634,BANK2,CITY4,DEV0002634,DEV9002634
ACC00002635,BANK3,CITY5,DEV0002635,DEV9002635
ACC00002636,BANK4,CITY6,DEV0002636,DEV9002636
ACC00002637,BANK5,CITY7,DEV0002637,DEV9002637
ACC00002638,BANK6,CITY8,DEV0002638,DEV9002638
ACC00002639,BANK7,CITY9,DEV0002639,DEV9002639
ACC00002640,BANK0,CITY0,DEV0002640,DEV9002640
ACC00002641,BANK1,CITY1,DEV0002641,DEV9002641
ACC00002642,BANK2,CITY2,DEV0002642,DEV9002642
ACC00002643,BANK3,CITY3,DEV0002643,DEV9002643
ACC00002644,BANK4,CITY4,DEV0002644,DEV9002644
ACC00002645,BANK5,CITY5,DEV0002645,DEV9002645
ACC00002646,BANK6,CITY6,DEV0002646,DEV9002646
ACC00002647,BANK7,CITY7,DEV0002647,DEV9002647
ACC00002648,BANK0,CITY8,DEV0002648,DEV9002648
ACC00002649,BANK1,CITY9,DEV0002649,DEV9002649
ACC00002650,BANK2,CITY0,DEV0002650,DEV9002650
ACC00002651,BANK3,CITY1,DEV0002651,DEV9002651
ACC00002652,BANK4,CITY2,DEV0002652,DEV9002652
ACC00002653,BANK5,CITY3,DEV0002653,DEV9002653
ACC00002654,BANK6,CITY4,DEV0002654,DEV9002654
ACC00002655,BANK7,CITY5,DEV0002655,DEV9002655
ACC00002656,BANK0,CITY6,DEV0002656,DEV9002656
ACC00002657,BANK1,CITY7,DEV0002657,DEV9002657
ACC00002658,BANK2,CITY8,DEV0002658,DEV9002658
ACC00002659,BANK3,CITY9,DEV0002659,DEV9002659
ACC00002660,BANK4,CITY0,DEV0002660,DEV9002660
ACC00002661,BANK5,CITY1,DEV0002661,DEV9002661
ACC00002662,BANK6,CITY2,DEV0002662,DEV9002662
ACC00002663,BANK7,CITY3,DEV0002663,DEV9002663
ACC00002664,BANK0,CITY4,DEV0002664,DEV9002664
ACC00002665,BANK1,CITY5,DEV0002665,DEV9002665
ACC00002666,BANK2,CITY6,DEV0002666,DEV9002666
ACC00002667,BANK3,CITY7,DEV0002667,DEV9002667
ACC00002668,BANK4,CITY8,DEV0002668,DEV9002668
ACC00002669,BANK5,CITY9,DEV0002669,DEV9002669
ACC00002670,BANK6,CITY0,DEV0002670,DEV9002670
ACC00002671,BANK7,CITY1,DEV0002671,DEV9002671
ACC00002672,BANK0,CITY2,DEV0002672,DEV9002672
ACC00002673,BANK1,CITY3,DEV0002673,DEV9002673
ACC00002674,BANK2,CITY4,DEV0002674,DEV9002674
ACC00002675,BANK3,CITY5,DEV0002675,DEV9002675
ACC00002676,BANK4,CITY6,DEV0002676,DEV9002676
ACC00002677,BANK5,CITY7,DEV0002677,DEV9002677
ACC00002678,BANK6,CITY8,DEV0002678,DEV9002678
ACC00002679,BANK7,CITY9,DEV0002679,DEV9002679
ACC00002680,BANK0,CITY0,DEV0002680,DEV9002680
ACC00002681,BANK1,CITY1,DEV0002681,DEV9002681
ACC00002682,BANK2,CITY2,DEV0002682,DEV9002682
ACC00002683,BANK3,CITY3,DEV0002683,DEV9002683
ACC00002684,BANK4,CITY4,DEV0002684,DEV9002684
ACC00002685,BANK5,CITY5,DEV0002685,DEV9002685
ACC00002686,BANK6,CITY6,DEV0002686,DEV9002686
ACC00002687,BANK7,CITY7,DEV0002687,DEV9002687
ACC00002688,BANK0,CITY8,DEV0002688,DEV9002688
ACC00002689,BANK1,CITY9,DEV0002689,DEV9002689
ACC00002690,BANK2,CITY0,DEV0002690,DEV9002690
ACC00002691,BANK3,CITY1,DEV0002691,DEV9002691
ACC00002692,BANK4,CITY2,DEV0002692,DEV9002692
ACC00002693,BANK5,CITY3,DEV0002693,DEV9002693
ACC00002694,BANK6,CITY4,DEV0002694,DEV9002694
ACC00002695,BANK7,CITY5,DEV0002695,DEV9002695
ACC00002696,BANK0,CITY6,DEV0002696,DEV9002696
ACC00002697,BANK1,CITY7,DEV0002697,DEV9002697
ACC00002698,BANK2,CITY8,DEV0002698,DEV9002698
ACC00002699,BANK3,CITY9,DEV0002699,DEV9002699
ACC00002700,BANK4,CITY0,DEV0002700,DEV9002700
ACC00002701,BANK5,CITY1,DEV0002701,DEV9002701
ACC00002702,BANK6,CITY2,DEV0002702,DEV9002702
ACC00002703,BANK7,CITY3,DEV0002703,DEV9002703
ACC00002704,BANK0,CITY4,DEV0002704,DEV9002704
ACC00002705,BANK1,CITY5,DEV0002705,DEV9002705
ACC00002706,BANK2,CITY6,DEV0002706,DEV9002706
ACC00002707,BANK3,CITY7,DEV0002707,DEV9002707
ACC00002708,BANK4,CITY8,DEV0002708,DEV9002708
ACC00002709,BANK5,CITY9,DEV0002709,DEV9002709
ACC00002710,BANK6,CITY0,DEV0002710,DEV9002710
ACC00002711,BANK7,CITY1,DEV0002711,DEV9002711
ACC00002712,BANK0,CITY2,DEV0002712,DEV9002712
ACC00002713,BANK1,CITY3,DEV0002713,DEV9002713
ACC00002714,BANK2,CITY4,DEV0002714,DEV9002714
ACC00002715,BANK3,CITY5,DEV0002715,DEV9002715
ACC00002716,BANK4,CITY6,DEV0002716,DEV9002716
ACC00002717,BANK5,CITY7,DEV0002717,DEV9002717
ACC00002718,BANK6,CITY8,DEV0002718,DEV9002718
ACC00002719,BANK7,CITY9,DEV0002719,DEV9002719
ACC00002720,BANK0,CITY0,DEV0002720,DEV9002720
ACC00002721,BANK1,CITY1,DEV0002721,DEV9002721
ACC00002722,BANK2,CITY2,DEV0002722,DEV9002722
ACC00002723,BANK3,CITY3,DEV0002723,DEV9002723
ACC00002724,BANK4,CITY4,DEV0002724,DEV9002724
ACC00002725,BANK5,CITY5,DEV0002725,DEV9002725
ACC00002726,BANK6,CITY6,DEV0002726,DEV9002726
ACC00002727,BANK7,CITY7,DEV0002727,DEV9002727
ACC00002728,BANK0,CITY8,DEV0002728,DEV9002728
ACC00002729,BANK1,CITY9,DEV0002729,DEV9002729
ACC00002730,BANK2,CITY0,DEV0002730,DEV9002730
ACC00002731,BANK3,CITY1,DEV0002731,DEV9002731
ACC00002732,BANK4,CITY2,DEV0002732,DEV9002732
ACC00002733,BANK5,CITY3,DEV0002733,DEV9002733
ACC00002734,BANK6,CITY4,DEV0002734,DEV9002734
ACC00002735,BANK7,CITY5,DEV0002735,DEV9002735
ACC00002736,BANK0,CITY6,DEV0002736,DEV9002736
ACC00002737,BANK1,CITY7,DEV0002737,DEV9002737
ACC00002738,BANK2,CITY8,DEV0002738,DEV9002738
ACC00002739,BANK3,CITY9,DEV0002739,DEV9002739
ACC00002740,BANK4,CITY0,DEV0002740,DEV9002740
ACC00002741,BANK5,CITY1,DEV0002741,DEV9002741
ACC00002742,BANK6,CITY2,DEV0002742,DEV9002742
ACC00002743,BANK7,CITY3,DEV0002743,DEV9002743
ACC00002744,BANK0,CITY4,DEV0002744,DEV9002744
ACC00002745,BANK1,CITY5,DEV0002745,DEV9002745
ACC00002746,BANK2,CITY6,DEV0002746,DEV9002746
ACC00002747,BANK3,CITY7,DEV0002747,DEV9002747
ACC00002748,BANK4,CITY8,DEV0002748,DEV9002748
ACC00002749,BANK5,CITY9,DEV0002749,DEV9002749
ACC00002750,BANK6,CITY0,DEV0002750,DEV9002750
ACC00002751,BANK7,CITY1,DEV0002751,DEV9002751
ACC00002752,BANK0,CITY2,DEV0002752,DEV9002752
ACC00002753,BANK1,CITY3,DEV0002753,DEV9002753
ACC00002754,BANK2,CITY4,DEV0002754,DEV9002754
ACC00002755,BANK3,CITY5,DEV0002755,DEV9002755
ACC00002756,BANK4,CITY6,DEV0002756,DEV9002756
ACC00002757,BANK5,CITY7,DEV0002757,DEV9002757
ACC00002758,BANK6,CITY8,DEV0002758,DEV9002758
ACC00002759,BANK7,CITY9,DEV0002759,DEV9002759
ACC00002760,BANK0,CITY0,DEV0002760,DEV9002760
ACC00002761,BANK1,CITY1,DEV0002761,DEV9002761
ACC00002762,BANK2,CITY2,DEV0002762,DEV9002762
ACC00002763,BANK3,CITY3,DEV0002763,DEV9002763
ACC00002764,BANK4,CITY4,DEV0002764,DEV9002764
ACC00002765,BANK5,CITY5,DEV0002765,DEV9002765
ACC00002766,BANK6,CITY6,DEV0002766,DEV9002766
ACC00002767,BANK7,CITY7,DEV0002767,DEV9002767
ACC00002768,BANK0,CITY8,DEV0002768,DEV9002768
ACC00002769,BANK1,CITY9,DEV0002769,DEV9002769
ACC00002770,BANK2,CITY0,DEV0002770,DEV9002770
ACC00002771,BANK3,CITY1,DEV0002771,DEV9002771
ACC00002772,BANK4,CITY2,DEV0002772,DEV9002772
ACC00002773,BANK5,CITY3,DEV0002773,DEV9002773
ACC00002774,BANK6,CITY4,DEV0002774,DEV9002774
ACC00002775,BANK7,CITY5,DEV0002775,DEV9002775
ACC00002776,BANK0,CITY6,DEV0002776,DEV9002776
ACC00002777,BANK1,CITY7,DEV0002777,DEV9002777
ACC00002778,BANK2,CITY8,DEV0002778,DEV9002778
ACC00002779,BANK3,CITY9,DEV0002779,DEV9002779
ACC00002780,BANK4,CITY0,DEV0002780,DEV9002780
ACC00002781,BANK5,CITY1,DEV0002781,DEV9002781
ACC00002782,BANK6,CITY2,DEV0002782,DEV9002782
ACC00002783,BANK7,CITY3,DEV0002783,DEV9002783
ACC00002784,BANK0,CITY4,DEV0002784,DEV9002784
ACC00002785,BANK1,CITY5,DEV0002785,DEV9002785
ACC00002786,BANK2,CITY6,DEV0002786,DEV9002786
ACC00002787,BANK3,CITY7,DEV0002787,DEV9002787
ACC00002788,BANK4,CITY8,DEV0002788,DEV9002788
ACC00002789,BANK5,CITY9,DEV0002789,DEV9002789
ACC00002790,BANK6,CITY0,DEV0002790,DEV9002790
ACC00002791,BANK7,CITY1,DEV0002791,DEV9002791
ACC00002792,BANK0,CITY2,DEV0002792,DEV9002792
ACC00002793,BANK1,CITY3,DEV0002793,DEV9002793
ACC00002794,BANK2,CITY4,DEV0002794,DEV9002794
ACC00002795,BANK3,CITY5,DEV0002795,DEV9002795
ACC00002796,BANK4,CITY6,DEV0002796,DEV9002796
ACC00002797,BANK5,CITY7,DEV0002797,DEV9002797
ACC00002798,BANK6,CITY8,DEV0002798,DEV9002798
ACC00002799,BANK7,CITY9,DEV0002799,DEV9002799
ACC00002800,BANK0,CITY0,DEV0002800,DEV9002800
ACC00002801,BANK1,CITY1,DEV0002801,DEV9002801
ACC00002802,BANK2,CITY2,DEV0002802,DEV9002802
ACC00002803,BANK3,CITY3,DEV0002803,DEV9002803
ACC00002804,BANK4,CITY4,DEV0002804,DEV9002804
ACC00002805,BANK5,CITY5,DEV0002805,DEV9002805
ACC00002806,BANK6,CITY6,DEV0002806,DEV9002806
ACC00002807,BANK7,CITY7,DEV0002807,DEV9002807
ACC00002808,BANK0,CITY8,DEV0002808,DEV9002808
ACC00002809,BANK1,CITY9,DEV0002809,DEV9002809
ACC00002810,BANK2,CITY0,DEV0002810,DEV9002810
ACC00002811,BANK3,CITY1,DEV0002811,DEV9002811
ACC00002812,BANK4,CITY2,DEV0002812,DEV9002812
ACC00002813,BANK5,CITY3,DEV0002813,DEV9002813
ACC00002814,BANK6,CITY4,DEV0002814,DEV9002814
ACC00002815,BANK7,CITY5,DEV0002815,DEV9002815
ACC00002816,BANK0,CITY6,DEV0002816,DEV9002816
ACC00002817,BANK1,CITY7,DEV0002817,DEV9002817
ACC00002818,BANK2,CITY8,DEV0002818,DEV9002818
ACC00002819,BANK3,CITY9,DEV0002819,DEV9002819
ACC00002820,BANK4,CITY0,DEV0002820,DEV9002820
ACC00002821,BANK5,CITY1,DEV0002821,DEV9002821
ACC00002822,BANK6,CITY2,DEV0002822,DEV9002822
ACC00002823,BANK7,CITY3,DEV0002823,DEV9002823
ACC00002824,BANK0,CITY4,DEV0002824,DEV9002824
ACC00002825,BANK1,CITY5,DEV0002825,DEV9002825
ACC00002826,BANK2,CITY6,DEV0002826,DEV9002826
ACC00002827,BANK3,CITY7,DEV0002827,DEV9002827
ACC00002828,BANK4,CITY8,DEV0002828,DEV9002828
ACC00002829,BANK5,CITY9,DEV0002829,DEV9002829
ACC00002830,BANK6,CITY0,DEV0002830,DEV9002830
ACC00002831,BANK7,CITY1,DEV0002831,DEV9002831
ACC00002832,BANK0,CITY2,DEV0002832,DEV9002832
ACC00002833,BANK1,CITY3,DEV0002833,DEV9002833
ACC00002834,BANK2,CITY4,DEV0002834,DEV9002834
ACC00002835,BANK3,CITY5,DEV0002835,DEV9002835
ACC00002836,BANK4,CITY6,DEV0002836,DEV9002836
ACC00002837,BANK5,CITY7,DEV0002837,DEV9002837
ACC00002838,BANK6,CITY8,DEV0002838,DEV9002838
ACC00002839,BANK7,CITY9,DEV0002839,DEV9002839
ACC00002840,BANK0,CITY0,DEV0002840,DEV9002840
ACC00002841,BANK1,CITY1,DEV0002841,DEV9002841
ACC00002842,BANK2,CITY2,DEV0002842,DEV9002842
ACC00002843,BANK3,CITY3,DEV0002843,DEV9002843
ACC00002844,BANK4,CITY4,DEV0002844,DEV9002844
ACC00002845,BANK5,CITY5,DEV0002845,DEV9002845
ACC00002846,BANK6,CITY6,DEV0002846,DEV9002846
ACC00002847,BANK7,CITY7,DEV0002847,DEV9002847
ACC00002848,BANK0,CITY8,DEV0002848,DEV9002848
ACC00002849,BANK1,CITY9,DEV0002849,DEV9002849
ACC00002850,BANK2,CITY0,DEV0002850,DEV9002850
ACC00002851,BANK3,CITY1,DEV0002851,DEV9002851
ACC00002852,BANK4,CITY2,DEV0002852,DEV9002852
ACC00002853,BANK5,CITY3,DEV0002853,DEV9002853
ACC00002854,BANK6,CITY4,DEV0002854,DEV9002854
ACC00002855,BANK7,CITY5,DEV0002855,DEV9002855
ACC00002856,BANK0,CITY6,DEV0002856,DEV9002856
ACC00002857,BANK1,CITY7,DEV0002857,DEV9002857
ACC00002858,BANK2,CITY8,DEV0002858,DEV9002858
ACC00002859,BANK3,CITY9,DEV0002859,DEV9002859
ACC00002860,BANK4,CITY0,DEV0002860,DEV9002860
ACC00002861,BANK5,CITY1,DEV0002861,DEV9002861
ACC00002862,BANK6,CITY2,DEV0002862,DEV9002862
ACC00002863,BANK7,CITY3,DEV0002863,DEV9002863
ACC00002864,BANK0,CITY4,DEV0002864,DEV9002864
ACC00002865,BANK1,CITY5,DEV0002865,DEV9002865
ACC00002866,BANK2,CITY6,DEV0002866,DEV9002866
ACC00002867,BANK3,CITY7,DEV0002867,DEV9002867
ACC00002868,BANK4,CITY8,DEV0002868,DEV9002868
ACC00002869,BANK5,CITY9,DEV0002869,DEV9002869
ACC00002870,BANK6,CITY0,DEV0002870,DEV9002870
ACC00002871,BANK7,CITY1,DEV0002871,DEV9002871
ACC00002872,BANK0,CITY2,DEV0002872,DEV9002872
ACC00002873,BANK1,CITY3,DEV0002873,DEV9002873
ACC00002874,BANK2,CITY4,DEV0002874,DEV9002874
ACC00002875,BANK3,CITY5,DEV0002875,DEV9002875
ACC00002876,BANK4,CITY6,DEV0002876,DEV9002876
ACC00002877,BANK5,CITY7,DEV0002877,DEV9002877
ACC00002878,BANK6,CITY8,DEV0002878,DEV9002878
ACC00002879,BANK7,CITY9,DEV0002879,DEV9002879
ACC00002880,BANK0,CITY0,DEV0002880,DEV9002880
ACC00002881,BANK1,CITY1,DEV0002881,DEV9002881
ACC00002882,BANK2,CITY2,DEV0002882,DEV9002882
ACC00002883,BANK3,CITY3,DEV0002883,DEV9002883
ACC00002884,BANK4,CITY4,DEV0002884,DEV9002884
ACC00002885,BANK5,CITY5,DEV0002885,DEV9002885
ACC00002886,BANK6,CITY6,DEV0002886,DEV9002886
ACC00002887,BANK7,CITY7,DEV0002887,DEV9002887
ACC00002888,BANK0,CITY8,DEV0002888,DEV9002888
ACC00002889,BANK1,CITY9,DEV0002889,DEV9002889
ACC00002890,BANK2,CITY0,DEV0002890,DEV9002890
ACC00002891,BANK3,CITY1,DEV0002891,DEV9002891
ACC00002892,BANK4,CITY2,DEV0002892,DEV9002892
ACC00002893,BANK5,CITY3,DEV0002893,DEV9002893
ACC00002894,BANK6,CITY4,DEV0002894,DEV9002894
ACC00002895,BANK7,CITY5,DEV0002895,DEV9002895
ACC00002896,BANK0,CITY6,DEV0002896,DEV9002896
ACC00002897,BANK1,CITY7,DEV0002897,DEV9002897
ACC00002898,BANK2,CITY8,DEV0002898,DEV9002898
ACC00002899,BANK3,CITY9,DEV0002899,DEV9002899
ACC00002900,BANK4,CITY0,DEV0002900,DEV9002900
ACC00002901,BANK5,CITY1,DEV0002901,DEV9002901
ACC00002902,BANK6,CITY2,DEV0002902,DEV9002902
ACC00002903,BANK7,CITY3,DEV0002903,DEV9002903
ACC00002904,BANK0,CITY4,DEV0002904,DEV9002904
ACC00002905,BANK1,CITY5,DEV0002905,DEV9002905
ACC00002906,BANK2,CITY6,DEV0002906,DEV9002906
ACC00002907,BANK3,CITY7,DEV0002907,DEV9002907
ACC00002908,BANK4,CITY8,DEV0002908,DEV9002908
ACC00002909,BANK5,CITY9,DEV0002909,DEV9002909
ACC00002910,BANK6,CITY0,DEV0002910,DEV9002910
ACC00002911,BANK7,CITY1,DEV0002911,DEV9002911
ACC00002912,BANK0,CITY2,DEV0002912,DEV9002912
ACC00002913,BANK1,CITY3,DEV0002913,DEV9002913
ACC00002914,BANK2,CITY4,DEV0002914,DEV9002914
ACC00002915,BANK3,CITY5,DEV0002915,DEV9002915
ACC00002916,BANK4,CITY6,DEV0002916,DEV9002916
ACC00002917,BANK5,CITY7,DEV0002917,DEV9002917
ACC00002918,BANK6,CITY8,DEV0002918,DEV9002918
ACC00002919,BANK7,CITY9,DEV0002919,DEV9002919
ACC00002920,BANK0,CITY0,DEV0002920,DEV9002920
ACC00002921,BANK1,CITY1,DEV0002921,DEV9002921
ACC00002922,BANK2,CITY2,DEV0002922,DEV9002922
ACC00002923,BANK3,CITY3,DEV0002923,DEV9002923
ACC00002924,BANK4,CITY4,DEV0002924,DEV9002924
ACC00002925,BANK5,CITY5,DEV0002925,DEV9002925
ACC00002926,BANK6,CITY6,DEV0002926,DEV9002926
ACC00002927,BANK7,CITY7,DEV0002927,DEV9002927
ACC00002928,BANK0,CITY8,DEV0002928,DEV9002928
ACC00002929,BANK1,CITY9,DEV0002929,DEV9002929
ACC00002930,BANK2,CITY0,DEV0002930,DEV9002930
ACC00002931,BANK3,CITY1,DEV0002931,DEV9002931
ACC00002932,BANK4,CITY2,DEV0002932,DEV9002932
ACC00002933,BANK5,CITY3,DEV0002933,DEV9002933
ACC00002934,BANK6,CITY4,DEV0002934,DEV9002934
ACC00002935,BANK7,CITY5,DEV0002935,DEV9002935
ACC00002936,BANK0,CITY6,DEV0002936,DEV9002936
ACC00002937,BANK1,CITY7,DEV0002937,DEV9002937
ACC00002938,BANK2,CITY8,DEV0002938,DEV9002938
ACC00002939,BANK3,CITY9,DEV0002939,DEV9002939
ACC00002940,BANK4,CITY0,DEV0002940,DEV9002940
ACC00002941,BANK5,CITY1,DEV0002941,DEV9002941
ACC00002942,BANK6,CITY2,DEV0002942,DEV9002942
ACC00002943,BANK7,CITY3,DEV0002943,DEV9002943
ACC00002944,BANK0,CITY4,DEV0002944,DEV9002944
ACC00002945,BANK1,CITY5,DEV0002945,DEV9002945
ACC00002946,BANK2,CITY6,DEV0002946,DEV9002946
ACC00002947,BANK3,CITY7,DEV0002947,DEV9002947
ACC00002948,BANK4,CITY8,DEV0002948,DEV9002948
ACC00002949,BANK5,CITY9,DEV0002949,DEV9002949
ACC00002950,BANK6,CITY0,DEV0002950,DEV9002950
ACC00002951,BANK7,CITY1,DEV0002951,DEV9002951
ACC00002952,BANK0,CITY2,DEV0002952,DEV9002952
ACC00002953,BANK1,CITY3,DEV0002953,DEV9002953
ACC00002954,BANK2,CITY4,DEV0002954,DEV9002954
ACC00002955,BANK3,CITY5,DEV0002955,DEV9002955
ACC00002956,BANK4,CITY6,DEV0002956,DEV9002956
ACC00002957,BANK5,CITY7,DEV0002957,DEV9002957
ACC00002958,BANK6,CITY8,DEV0002958,DEV9002958
ACC00002959,BANK7,CITY9,DEV0002959,DEV9002959
ACC00002960,BANK0,CITY0,DEV0002960,DEV9002960
ACC00002961,BANK1,CITY1,DEV0002961,DEV9002961
ACC00002962,BANK2,CITY2,DEV0002962,DEV9002962
ACC00002963,BANK3,CITY3,DEV0002963,DEV9002963
ACC00002964,BANK4,CITY4,DEV0002964,DEV9002964
ACC00002965,BANK5,CITY5,DEV0002965,DEV9002965
ACC00002966,BANK6,CITY6,DEV0002966,DEV9002966
ACC00002967,BANK7,CITY7,DEV0002967,DEV9002967
ACC00002968,BANK0,CITY8,DEV0002968,DEV9002968
ACC00002969,BANK1,CITY9,DEV0002969,DEV9002969
ACC00002970,BANK2,CITY0,DEV0002970,DEV9002970
ACC00002971,BANK3,CITY1,DEV0002971,DEV9002971
ACC00002972,BANK4,CITY2,DEV0002972,DEV9002972
ACC00002973,BANK5,CITY3,DEV0002973,DEV9002973
ACC00002974,BANK6,CITY4,DEV0002974,DEV9002974
ACC00002975,BANK7,CITY5,DEV0002975,DEV9002975
ACC00002976,BANK0,CITY6,DEV0002976,DEV9002976
ACC00002977,BANK1,CITY7,DEV0002977,DEV9002977
ACC00002978,BANK2,CITY8,DEV0002978,DEV9002978
ACC00002979,BANK3,CITY9,DEV0002979,DEV9002979
ACC00002980,BANK4,CITY0,DEV0002980,DEV9002980
ACC00002981,BANK5,CITY1,DEV0002981,DEV9002981
ACC00002982,BANK6,CITY2,DEV0002982,DEV9002982
ACC00002983,BANK7,CITY3,DEV0002983,DEV9002983
ACC00002984,BANK0,CITY4,DEV0002984,DEV9002984
ACC00002985,BANK1,CITY5,DEV0002985,DEV9002985
ACC00002986,BANK2,CITY6,DEV0002986,DEV9002986
ACC00002987,BANK3,CITY7,DEV0002987,DEV9002987
ACC00002988,BANK4,CITY8,DEV0002988,DEV9002988
ACC00002989,BANK5,CITY9,DEV0002989,DEV9002989
ACC00002990,BANK6,CITY0,DEV0002990,DEV9002990
ACC00002991,BANK7,CITY1,DEV0002991,DEV9002991
ACC00002992,BANK0,CITY2,DEV0002992,DEV9002992
ACC00002993,BANK1,CITY3,DEV0002993,DEV9002993
ACC00002994,BANK2,CITY4,DEV0002994,DEV9002994
ACC00002995,BANK3,CITY5,DEV0002995,DEV9002995
ACC00002996,BANK4,CITY6,DEV0002996,DEV9002996
ACC00002997,BANK5,CITY7,DEV0002997,DEV9002997
ACC00002998,BANK6,CITY8,DEV0002998,DEV9002998
ACC00002999,BANK7,CITY9,DEV0002999,DEV9002999
ACC00003000,BANK0,CITY0,DEV0003000,DEV9003000
ACC00003001,BANK1,CITY1,DEV0003001,DEV9003001
ACC00003002,BANK2,CITY2,DEV0003002,DEV9003002
ACC00003003,BANK3,CITY3,DEV0003003,DEV9003003
ACC00003004,BANK4,CITY4,DEV0003004,DEV9003004
ACC00003005,BANK5,CITY5,DEV0003005,DEV9003005
ACC00003006,BANK6,CITY6,DEV0003006,DEV9003006
ACC00003007,BANK7,CITY7,DEV0003007,DEV9003007
ACC00003008,BANK0,CITY8,DEV0003008,DEV9003008
ACC00003009,BANK1,CITY9,DEV0003009,DEV9003009
ACC00003010,BANK2,CITY0,DEV0003010,DEV9003010
ACC00003011,BANK3,CITY1,DEV0003011,DEV9003011
ACC00003012,BANK4,CITY2,DEV0003012,DEV9003012
ACC00003013,BANK5,CITY3,DEV0003013,DEV9003013
ACC00003014,BANK6,CITY4,DEV0003014,DEV9003014
ACC00003015,BANK7,CITY5,DEV0003015,DEV9003015
ACC00003016,BANK0,CITY6,DEV0003016,DEV9003016
ACC00003017,BANK1,CITY7,DEV0003017,DEV9003017
ACC00003018,BANK2,CITY8,DEV0003018,DEV9003018
ACC00003019,BANK3,CITY9,DEV0003019,DEV9003019
ACC00003020,BANK4,CITY0,DEV0003020,DEV9003020
ACC00003021,BANK5,CITY1,DEV0003021,DEV9003021
ACC00003022,BANK6,CITY2,DEV0003022,DEV9003022
ACC00003023,BANK7,CITY3,DEV0003023,DEV9003023
ACC00003024,BANK0,CITY4,DEV0003024,DEV9003024
ACC00003025,BANK1,CITY5,DEV0003025,DEV9003025
ACC00003026,BANK2,CITY6,DEV0003026,DEV9003026
ACC00003027,BANK3,CITY7,DEV0003027,DEV9003027
ACC00003028,BANK4,CITY8,DEV0003028,DEV9003028
ACC00003029,BANK5,CITY9,DEV0003029,DEV9003029
ACC00003030,BANK6,CITY0,DEV0003030,DEV9003030
ACC00003031,BANK7,CITY1,DEV0003031,DEV9003031
ACC00003032,BANK0,CITY2,DEV0003032,DEV9003032
ACC00003033,BANK1,CITY3,DEV0003033,DEV9003033
ACC00003034,BANK2,CITY4,DEV0003034,DEV9003034
ACC00003035,BANK3,CITY5,DEV0003035,DEV9003035
ACC00003036,BANK4,CITY6,DEV0003036,DEV9003036
ACC00003037,BANK5,CITY7,DEV0003037,DEV9003037
ACC00003038,BANK6,CITY8,DEV0003038,DEV9003038
ACC00003039,BANK7,CITY9,DEV0003039,DEV9003039
ACC00003040,BANK0,CITY0,DEV0003040,DEV9003040
ACC00003041,BANK1,CITY1,DEV0003041,DEV9003041
ACC00003042,BANK2,CITY2,DEV0003042,DEV9003042
ACC00003043,BANK3,CITY3,DEV0003043,DEV9003043
ACC00003044,BANK4,CITY4,DEV0003044,DEV9003044
ACC00003045,BANK5,CITY5,DEV0003045,DEV9003045
ACC00003046,BANK6,CITY6,DEV0003046,DEV9003046
ACC00003047,BANK7,CITY7,DEV0003047,DEV9003047
ACC00003048,BANK0,CITY8,DEV0003048,DEV9003048
ACC00003049,BANK1,CITY9,DEV0003049,DEV9003049
ACC00003050,BANK2,CITY0,DEV0003050,DEV9003050
ACC00003051,BANK3,CITY1,DEV0003051,DEV9003051
ACC00003052,BANK4,CITY2,DEV0003052,DEV9003052
ACC00003053,BANK5,CITY3,DEV0003053,DEV9003053
ACC00003054,BANK6,CITY4,DEV0003054,DEV9003054
ACC00003055,BANK7,CITY5,DEV0003055,DEV9003055
ACC00003056,BANK0,CITY6,DEV0003056,DEV9003056
ACC00003057,BANK1,CITY7,DEV0003057,DEV9003057
ACC00003058,BANK2,CITY8,DEV0003058,DEV9003058
ACC00003059,BANK3,CITY9,DEV0003059,DEV9003059
ACC00003060,BANK4,CITY0,DEV0003060,DEV9003060
ACC00003061,BANK5,CITY1,DEV0003061,DEV9003061
ACC00003062,BANK6,CITY2,DEV0003062,DEV9003062
ACC00003063,BANK7,CITY3,DEV0003063,DEV9003063
ACC00003064,BANK0,CITY4,DEV0003064,DEV9003064
ACC00003065,BANK1,CITY5,DEV0003065,DEV9003065
ACC00003066,BANK2,CITY6,DEV0003066,DEV9003066
ACC00003067,BANK3,CITY7,DEV0003067,DEV9003067
ACC00003068,BANK4,CITY8,DEV0003068,DEV9003068
ACC00003069,BANK5,CITY9,DEV0003069,DEV9003069
ACC00003070,BANK6,CITY0,DEV0003070,DEV9003070
ACC00003071,BANK7,CITY1,DEV0003071,DEV9003071
ACC00003072,BANK0,CITY2,DEV0003072,DEV9003072
ACC00003073,BANK1,CITY3,DEV0003073,DEV9003073
ACC00003074,BANK2,CITY4,DEV0003074,DEV9003074
ACC00003075,BANK3,CITY5,DEV0003075,DEV9003075
ACC00003076,BANK4,CITY6,DEV0003076,DEV9003076
ACC00003077,BANK5,CITY7,DEV0003077,DEV9003077
ACC00003078,BANK6,CITY8,DEV0003078,DEV9003078
ACC00003079,BANK7,CITY9,DEV0003079,DEV9003079
ACC00003080,BANK0,CITY0,DEV0003080,DEV9003080
ACC00003081,BANK1,CITY1,DEV0003081,DEV9003081
ACC00003082,BANK2,CITY2,DEV0003082,DEV9003082
ACC00003083,BANK3,CITY3,DEV0003083,DEV9003083
ACC00003084,BANK4,CITY4,DEV0003084,DEV9003084
ACC00003085,BANK5,CITY5,DEV0003085,DEV9003085
ACC00003086,BANK6,CITY6,DEV0003086,DEV9003086
ACC00003087,BANK7,CITY7,DEV0003087,DEV9003087
ACC00003088,BANK0,CITY8,DEV0003088,DEV9003088
ACC00003089,BANK1,CITY9,DEV0003089,DEV9003089
ACC00003090,BANK2,CITY0,DEV0003090,DEV9003090
ACC00003091,BANK3,CITY1,DEV0003091,DEV9003091
ACC00003092,BANK4,CITY2,DEV0003092,DEV9003092
ACC00003093,BANK5,CITY3,DEV0003093,DEV9003093
ACC00003094,BANK6,CITY4,DEV0003094,DEV9003094
ACC00003095,BANK7,CITY5,DEV0003095,DEV9003095
ACC00003096,BANK0,CITY6,DEV0003096,DEV9003096
ACC00003097,BANK1,CITY7,DEV0003097,DEV9003097
ACC00003098,BANK2,CITY8,DEV0003098,DEV9003098
ACC00003099,BANK3,CITY9,DEV0003099,DEV9003099
ACC00003100,BANK4,CITY0,DEV0003100,DEV9003100
ACC00003101,BANK5,CITY1,DEV0003101,DEV9003101
ACC00003102,BANK6,CITY2,DEV0003102,DEV9003102
ACC00003103,BANK7,CITY3,DEV0003103,DEV9003103
ACC00003104,BANK0,CITY4,DEV0003104,DEV9003104
ACC00003105,BANK1,CITY5,DEV0003105,DEV9003105
ACC00003106,BANK2,CITY6,DEV0003106,DEV9003106
ACC00003107,BANK3,CITY7,DEV0003107,DEV9003107
ACC00003108,BANK4,CITY8,DEV0003108,DEV9003108
ACC00003109,BANK5,CITY9,DEV0003109,DEV9003109
ACC00003110,BANK6,CITY0,DEV0003110,DEV9003110
ACC00003111,BANK7,CITY1,DEV0003111,DEV9003111
ACC00003112,BANK0,CITY2,DEV0003112,DEV9003112
ACC00003113,BANK1,CITY3,DEV0003113,DEV9003113
ACC00003114,BANK2,CITY4,DEV0003114,DEV9003114
ACC00003115,BANK3,CITY5,DEV0003115,DEV9003115
ACC00003116,BANK4,CITY6,DEV0003116,DEV9003116
ACC00003117,BANK5,CITY7,DEV0003117,DEV9003117
ACC00003118,BANK6,CITY8,DEV0003118,DEV9003118
ACC00003119,BANK7,CITY9,DEV0003119,DEV9003119
ACC00003120,BANK0,CITY0,DEV0003120,DEV9003120
ACC00003121,BANK1,CITY1,DEV0003121,DEV9003121
ACC00003122,BANK2,CITY2,DEV0003122,DEV9003122
ACC00003123,BANK3,CITY3,DEV0003123,DEV9003123
ACC00003124,BANK4,CITY4,DEV0003124,DEV9003124
ACC00003125,BANK5,CITY5,DEV0003125,DEV9003125
ACC00003126,BANK6,CITY6,DEV0003126,DEV9003126
ACC00003127,BANK7,CITY7,DEV0003127,DEV9003127
ACC00003128,BANK0,CITY8,DEV0003128,DEV9003128
ACC00003129,BANK1,CITY9,DEV0003129,DEV9003129
ACC00003130,BANK2,CITY0,DEV0003130,DEV9003130
ACC00003131,BANK3,CITY1,DEV0003131,DEV9003131
ACC00003132,BANK4,CITY2,DEV0003132,DEV9003132
ACC00003133,BANK5,CITY3,DEV0003133,DEV9003133
ACC00003134,BANK6,CITY4,DEV0003134,DEV9003134
ACC00003135,BANK7,CITY5,DEV0003135,DEV9003135
ACC00003136,BANK0,CITY6,DEV0003136,DEV9003136
ACC00003137,BANK1,CITY7,DEV0003137,DEV9003137
ACC00003138,BANK2,CITY8,DEV0003138,DEV9003138
ACC00003139,BANK3,CITY9,DEV0003139,DEV9003139
ACC00003140,BANK4,CITY0,DEV0003140,DEV9003140
ACC00003141,BANK5,CITY1,DEV0003141,DEV9003141
ACC00003142,BANK6,CITY2,DEV0003142,DEV9003142
ACC00003143,BANK7,CITY3,DEV0003143,DEV9003143
ACC00003144,BANK0,CITY4,DEV0003144,DEV9003144
ACC00003145,BANK1,CITY5,DEV0003145,DEV9003145
ACC00003146,BANK2,CITY6,DEV0003146,DEV9003146
ACC00003147,BANK3,CITY7,DEV0003147,DEV9003147
ACC00003148,BANK4,CITY8,DEV0003148,DEV9003148
ACC00003149,BANK5,CITY9,DEV0003149,DEV9003149
ACC00003150,BANK6,CITY0,DEV0003150,DEV9003150
ACC00003151,BANK7,CITY1,DEV0003151,DEV9003151
ACC00003152,BANK0,CITY2,DEV0003152,DEV9003152
ACC00003153,BANK1,CITY3,DEV0003153,DEV9003153
ACC00003154,BANK2,CITY4,DEV0003154,DEV9003154
ACC00003155,BANK3,CITY5,DEV0003155,DEV9003155
ACC00003156,BANK4,CITY6,DEV0003156,DEV9003156
ACC00003157,BANK5,CITY7,DEV0003157,DEV9003157
ACC00003158,BANK6,CITY8,DEV0003158,DEV9003158
ACC00003159,BANK7,CITY9,DEV0003159,DEV9003159
ACC00003160,BANK0,CITY0,DEV0003160,DEV9003160
ACC00003161,BANK1,CITY1,DEV0003161,DEV9003161
ACC00003162,BANK2,CITY2,DEV0003162,DEV9003162
ACC00003163,BANK3,CITY3,DEV0003163,DEV9003163
ACC00003164,BANK4,CITY4,DEV0003164,DEV9003164
ACC00003165,BANK5,CITY5,DEV0003165,DEV9003165
ACC00003166,BANK6,CITY6,DEV0003166,DEV9003166
ACC00003167,BANK7,CITY7,DEV0003167,DEV9003167
ACC00003168,BANK0,CITY8,DEV0003168,DEV9003168
ACC00003169,BANK1,CITY9,DEV0003169,DEV9003169
ACC00003170,BANK2,CITY0,DEV0003170,DEV9003170
ACC00003171,BANK3,CITY1,DEV0003171,DEV9003171
ACC00003172,BANK4,CITY2,DEV0003172,DEV9003172
ACC00003173,BANK5,CITY3,DEV0003173,DEV9003173
ACC00003174,BANK6,CITY4,DEV0003174,DEV9003174
ACC00003175,BANK7,CITY5,DEV0003175,DEV9003175
ACC00003176,BANK0,CITY6,DEV0003176,DEV9003176
ACC00003177,BANK1,CITY7,DEV0003177,DEV9003177
ACC00003178,BANK2,CITY8,DEV0003178,DEV9003178
ACC00003179,BANK3,CITY9,DEV0003179,DEV9003179
ACC00003180,BANK4,CITY0,DEV0003180,DEV9003180
ACC00003181,BANK5,CITY1,DEV0003181,DEV9003181
ACC00003182,BANK6,CITY2,DEV0003182,DEV9003182
ACC00003183,BANK7,CITY3,DEV0003183,DEV9003183
ACC00003184,BANK0,CITY4,DEV0003184,DEV9003184
ACC00003185,BANK1,CITY5,DEV0003185,DEV9003185
ACC00003186,BANK2,CITY6,DEV0003186,DEV9003186
ACC00003187,BANK3,CITY7,DEV0003187,DEV9003187
ACC00003188,BANK4,CITY8,DEV0003188,DEV9003188
ACC00003189,BANK5,CITY9,DEV0003189,DEV9003189
ACC00003190,BANK6,CITY0,DEV0003190,DEV9003190
ACC00003191,BANK7,CITY1,DEV0003191,DEV9003191
ACC00003192,BANK0,CITY2,DEV0003192,DEV9003192
ACC00003193,BANK1,CITY3,DEV0003193,DEV9003193
ACC00003194,BANK2,CITY4,DEV0003194,DEV9003194
ACC00003195,BANK3,CITY5,DEV0003195,DEV9003195
ACC00003196,BANK4,CITY6,DEV0003196,DEV9003196
ACC00003197,BANK5,CITY7,DEV0003197,DEV9003197
ACC00003198,BANK6,CITY8,DEV0003198,DEV9003198
ACC00003199,BANK7,CITY9,DEV0003199,DEV9003199
ACC00003200,BANK0,CITY0,DEV0003200,DEV9003200
ACC00003201,BANK1,CITY1,DEV0003201,DEV9003201
ACC00003202,BANK2,CITY2,DEV0003202,DEV9003202
ACC00003203,BANK3,CITY3,DEV0003203,DEV9003203
ACC00003204,BANK4,CITY4,DEV0003204,DEV9003204
ACC00003205,BANK5,CITY5,DEV0003205,DEV9003205
ACC00003206,BANK6,CITY6,DEV0003206,DEV9003206
ACC00003207,BANK7,CITY7,DEV0003207,DEV9003207
ACC00003208,BANK0,CITY8,DEV0003208,DEV9003208
ACC00003209,BANK1,CITY9,DEV0003209,DEV9003209
ACC00003210,BANK2,CITY0,DEV0003210,DEV9003210
ACC00003211,BANK3,CITY1,DEV0003211,DEV9003211
ACC00003212,BANK4,CITY2,DEV0003212,DEV9003212
ACC00003213,BANK5,CITY3,DEV0003213,DEV9003213
ACC00003214,BANK6,CITY4,DEV0003214,DEV9003214
ACC00003215,BANK7,CITY5,DEV0003215,DEV9003215
ACC00003216,BANK0,CITY6,DEV0003216,DEV9003216
ACC00003217,BANK1,CITY7,DEV0003217,DEV9003217
ACC00003218,BANK2,CITY8,DEV0003218,DEV9003218
ACC00003219,BANK3,CITY9,DEV0003219,DEV9003219
ACC00003220,BANK4,CITY0,DEV0003220,DEV9003220
ACC00003221,BANK5,CITY1,DEV0003221,DEV9003221
ACC00003222,BANK6,CITY2,DEV0003222,DEV9003222
ACC00003223,BANK7,CITY3,DEV0003223,DEV9003223
ACC00003224,BANK0,CITY4,DEV0003224,DEV9003224
ACC00003225,BANK1,CITY5,DEV0003225,DEV9003225
ACC00003226,BANK2,CITY6,DEV0003226,DEV9003226
ACC00003227,BANK3,CITY7,DEV0003227,DEV9003227
ACC00003228,BANK4,CITY8,DEV0003228,DEV9003228
ACC00003229,BANK5,CITY9,DEV0003229,DEV9003229
ACC00003230,BANK6,CITY0,DEV0003230,DEV9003230
ACC00003231,BANK7,CITY1,DEV0003231,DEV9003231
ACC00003232,BANK0,CITY2,DEV0003232,DEV9003232
ACC00003233,BANK1,CITY3,DEV0003233,DEV9003233
ACC00003234,BANK2,CITY4,DEV0003234,DEV9003234
ACC00003235,BANK3,CITY5,DEV0003235,DEV9003235
ACC00003236,BANK4,CITY6,DEV0003236,DEV9003236
ACC00003237,BANK5,CITY7,DEV0003237,DEV9003237
ACC00003238,BANK6,CITY8,DEV0003238,DEV9003238
ACC00003239,BANK7,CITY9,DEV0003239,DEV9003239
ACC00003240,BANK0,CITY0,DEV0003240,DEV9003240
ACC00003241,BANK1,CITY1,DEV0003241,DEV9003241
ACC00003242,BANK2,CITY2,DEV0003242,DEV9003242
ACC00003243,BANK3,CITY3,DEV0003243,DEV9003243
ACC00003244,BANK4,CITY4,DEV0003244,DEV9003244
ACC00003245,BANK5,CITY5,DEV0003245,DEV9003245
ACC00003246,BANK6,CITY6,DEV0003246,DEV9003246
ACC00003247,BANK7,CITY7,DEV0003247,DEV9003247
ACC00003248,BANK0,CITY8,DEV0003248,DEV9003248
ACC00003249,BANK1,CITY9,DEV0003249,DEV9003249
ACC00003250,BANK2,CITY0,DEV0003250,DEV9003250
ACC00003251,BANK3,CITY1,DEV0003251,DEV9003251
ACC00003252,BANK4,CITY2,DEV0003252,DEV9003252
ACC00003253,BANK5,CITY3,DEV0003253,DEV9003253
ACC00003254,BANK6,CITY4,DEV0003254,DEV9003254
ACC00003255,BANK7,CITY5,DEV0003255,DEV9003255
ACC00003256,BANK0,CITY6,DEV0003256,DEV9003256
ACC00003257,BANK1,CITY7,DEV0003257,DEV9003257
ACC00003258,BANK2,CITY8,DEV0003258,DEV9003258
ACC00003259,BANK3,CITY9,DEV0003259,DEV9003259
ACC00003260,BANK4,CITY0,DEV0003260,DEV9003260
ACC00003261,BANK5,CITY1,DEV0003261,DEV9003261
ACC00003262,BANK6,CITY2,DEV0003262,DEV9003262
ACC00003263,BANK7,CITY3,DEV0003263,DEV9003263
ACC00003264,BANK0,CITY4,DEV0003264,DEV9003264
ACC00003265,BANK1,CITY5,DEV0003265,DEV9003265
ACC00003266,BANK2,CITY6,DEV0003266,DEV9003266
ACC00003267,BANK3,CITY7,DEV0003267,DEV9003267
ACC00003268,BANK4,CITY8,DEV0003268,DEV9003268
ACC00003269,BANK5,CITY9,DEV0003269,DEV9003269
ACC00003270,BANK6,CITY0,DEV0003270,DEV9003270
ACC00003271,BANK7,CITY1,DEV0003271,DEV9003271
ACC00003272,BANK0,CITY2,DEV0003272,DEV9003272
ACC00003273,BANK1,CITY3,DEV0003273,DEV9003273
ACC00003274,BANK2,CITY4,DEV0003274,DEV9003274
ACC00003275,BANK3,CITY5,DEV0003275,DEV9003275
ACC00003276,BANK4,CITY6,DEV0003276,DEV9003276
ACC00003277,BANK5,CITY7,DEV0003277,DEV9003277
ACC00003278,BANK6,CITY8,DEV0003278,DEV9003278
ACC00003279,BANK7,CITY9,DEV0003279,DEV9003279
ACC00003280,BANK0,CITY0,DEV0003280,DEV9003280
ACC00003281,BANK1,CITY1,DEV0003281,DEV9003281
ACC00003282,BANK2,CITY2,DEV0003282,DEV9003282
ACC00003283,BANK3,CITY3,DEV0003283,DEV9003283
ACC00003284,BANK4,CITY4,DEV0003284,DEV9003284
ACC00003285,BANK5,CITY5,DEV0003285,DEV9003285
ACC00003286,BANK6,CITY6,DEV0003286,DEV9003286
ACC00003287,BANK7,CITY7,DEV0003287,DEV9003287
ACC00003288,BANK0,CITY8,DEV0003288,DEV9003288
ACC00003289,BANK1,CITY9,DEV0003289,DEV9003289
ACC00003290,BANK2,CITY0,DEV0003290,DEV9003290
ACC00003291,BANK3,CITY1,DEV0003291,DEV9003291
ACC00003292,BANK4,CITY2,DEV0003292,DEV9003292
ACC00003293,BANK5,CITY3,DEV0003293,DEV9003293
ACC00003294,BANK6,CITY4,DEV0003294,DEV9003294
ACC00003295,BANK7,CITY5,DEV0003295,DEV9003295
ACC00003296,BANK0,CITY6,DEV0003296,DEV9003296
ACC00003297,BANK1,CITY7,DEV0003297,DEV9003297
ACC00003298,BANK2,CITY8,DEV0003298,DEV9003298
ACC00003299,BANK3,CITY9,DEV0003299,DEV9003299
ACC00003300,BANK4,CITY0,DEV0003300,DEV9003300
ACC00003301,BANK5,CITY1,DEV0003301,DEV9003301
ACC00003302,BANK6,CITY2,DEV0003302,DEV9003302
ACC00003303,BANK7,CITY3,DEV0003303,DEV9003303
ACC00003304,BANK0,CITY4,DEV0003304,DEV9003304
ACC00003305,BANK1,CITY5,DEV0003305,DEV9003305
ACC00003306,BANK2,CITY6,DEV0003306,DEV9003306
ACC00003307,BANK3,CITY7,DEV0003307,DEV9003307
ACC00003308,BANK4,CITY8,DEV0003308,DEV9003308
ACC00003309,BANK5,CITY9,DEV0003309,DEV9003309
ACC00003310,BANK6,CITY0,DEV0003310,DEV9003310
ACC00003311,BANK7,CITY1,DEV0003311,DEV9003311
ACC00003312,BANK0,CITY2,DEV0003312,DEV9003312
ACC00003313,BANK1,CITY3,DEV0003313,DEV9003313
ACC00003314,BANK2,CITY4,DEV0003314,DEV9003314
ACC00003315,BANK3,CITY5,DEV0003315,DEV9003315
ACC00003316,BANK4,CITY6,DEV0003316,DEV9003316
ACC00003317,BANK5,CITY7,DEV0003317,DEV9003317
ACC00003318,BANK6,CITY8,DEV0003318,DEV9003318
ACC00003319,BANK7,CITY9,DEV0003319,DEV9003319
ACC00003320,BANK0,CITY0,DEV0003320,DEV9003320
ACC00003321,BANK1,CITY1,DEV0003321,DEV9003321
ACC00003322,BANK2,CITY2,DEV0003322,DEV9003322
ACC00003323,BANK3,CITY3,DEV0003323,DEV9003323
ACC00003324,BANK4,CITY4,DEV0003324,DEV9003324
ACC00003325,BANK5,CITY5,DEV0003325,DEV9003325
ACC00003326,BANK6,CITY6,DEV0003326,DEV9003326
ACC00003327,BANK7,CITY7,DEV0003327,DEV9003327
ACC00003328,BANK0,CITY8,DEV0003328,DEV9003328
ACC00003329,BANK1,CITY9,DEV0003329,DEV9003329
ACC00003330,BANK2,CITY0,DEV0003330,DEV9003330
ACC00003331,BANK3,CITY1,DEV0003331,DEV9003331
ACC00003332,BANK4,CITY2,DEV0003332,DEV9003332
ACC00003333,BANK5,CITY3,DEV0003333,DEV9003333
ACC00003334,BANK6,CITY4,DEV0003334,DEV9003334
ACC00003335,BANK7,CITY5,DEV0003335,DEV9003335
ACC00003336,BANK0,CITY6,DEV0003336,DEV9003336
ACC00003337,BANK1,CITY7,DEV0003337,DEV9003337
ACC00003338,BANK2,CITY8,DEV0003338,DEV9003338
ACC00003339,BANK3,CITY9,DEV0003339,DEV9003339
ACC00003340,BANK4,CITY0,DEV0003340,DEV9003340
ACC00003341,BANK5,CITY1,DEV0003341,DEV9003341
ACC00003342,BANK6,CITY2,DEV0003342,DEV9003342
ACC00003343,BANK7,CITY3,DEV0003343,DEV9003343
ACC00003344,BANK0,CITY4,DEV0003344,DEV9003344
ACC00003345,BANK1,CITY5,DEV0003345,DEV9003345
ACC00003346,BANK2,CITY6,DEV0003346,DEV9003346
ACC00003347,BANK3,CITY7,DEV0003347,DEV9003347
ACC00003348,BANK4,CITY8,DEV0003348,DEV9003348
ACC00003349,BANK5,CITY9,DEV0003349,DEV9003349
ACC00003350,BANK6,CITY0,DEV0003350,DEV9003350
ACC00003351,BANK7,CITY1,DEV0003351,DEV9003351
ACC00003352,BANK0,CITY2,DEV0003352,DEV9003352
ACC00003353,BANK1,CITY3,DEV0003353,DEV9003353
ACC00003354,BANK2,CITY4,DEV0003354,DEV9003354
ACC00003355,BANK3,CITY5,DEV0003355,DEV9003355
ACC00003356,BANK4,CITY6,DEV0003356,DEV9003356
ACC00003357,BANK5,CITY7,DEV0003357,DEV9003357
ACC00003358,BANK6,CITY8,DEV0003358,DEV9003358
ACC00003359,BANK7,CITY9,DEV0003359,DEV9003359
ACC00003360,BANK0,CITY0,DEV0003360,DEV9003360
ACC00003361,BANK1,CITY1,DEV0003361,DEV9003361
ACC00003362,BANK2,CITY2,DEV0003362,DEV9003362
ACC00003363,BANK3,CITY3,DEV0003363,DEV9003363
ACC00003364,BANK4,CITY4,DEV0003364,DEV9003364
ACC00003365,BANK5,CITY5,DEV0003365,DEV9003365
ACC00003366,BANK6,CITY6,DEV0003366,DEV9003366
ACC00003367,BANK7,CITY7,DEV0003367,DEV9003367
ACC00003368,BANK0,CITY8,DEV0003368,DEV9003368
ACC00003369,BANK1,CITY9,DEV0003369,DEV9003369
ACC00003370,BANK2,CITY0,DEV0003370,DEV9003370
ACC00003371,BANK3,CITY1,DEV0003371,DEV9003371
ACC00003372,BANK4,CITY2,DEV0003372,DEV9003372
ACC00003373,BANK5,CITY3,DEV0003373,DEV9003373
ACC00003374,BANK6,CITY4,DEV0003374,DEV9003374
ACC00003375,BANK7,CITY5,DEV0003375,DEV9003375
ACC00003376,BANK0,CITY6,DEV0003376,DEV9003376
ACC00003377,BANK1,CITY7,DEV0003377,DEV9003377
ACC00003378,BANK2,CITY8,DEV0003378,DEV9003378
ACC00003379,BANK3,CITY9,DEV0003379,DEV9003379
ACC00003380,BANK4,CITY0,DEV0003380,DEV9003380
ACC00003381,BANK5,CITY1,DEV0003381,DEV9003381
ACC00003382,BANK6,CITY2,DEV0003382,DEV9003382
ACC00003383,BANK7,CITY3,DEV0003383,DEV9003383
ACC00003384,BANK0,CITY4,DEV0003384,DEV9003384
ACC00003385,BANK1,CITY5,DEV0003385,DEV9003385
ACC00003386,BANK2,CITY6,DEV0003386,DEV9003386
ACC00003387,BANK3,CITY7,DEV0003387,DEV9003387
ACC00003388,BANK4,CITY8,DEV0003388,DEV9003388
ACC00003389,BANK5,CITY9,DEV0003389,DEV9003389
ACC00003390,BANK6,CITY0,DEV0003390,DEV9003390
ACC00003391,BANK7,CITY1,DEV0003391,DEV9003391
ACC00003392,BANK0,CITY2,DEV0003392,DEV9003392
ACC00003393,BANK1,CITY3,DEV0003393,DEV9003393
ACC00003394,BANK2,CITY4,DEV0003394,DEV9003394
ACC00003395,BANK3,CITY5,DEV0003395,DEV9003395
ACC00003396,BANK4,CITY6,DEV0003396,DEV9003396
ACC00003397,BANK5,CITY7,DEV0003397,DEV9003397
ACC00003398,BANK6,CITY8,DEV0003398,DEV9003398
ACC00003399,BANK7,CITY9,DEV0003399,DEV9003399
ACC00003400,BANK0,CITY0,DEV0003400,DEV9003400
ACC00003401,BANK1,CITY1,DEV0003401,DEV9003401
ACC00003402,BANK2,CITY2,DEV0003402,DEV9003402
ACC00003403,BANK3,CITY3,DEV0003403,DEV9003403
ACC00003404,BANK4,CITY4,DEV0003404,DEV9003404
ACC00003405,BANK5,CITY5,DEV0003405,DEV9003405
ACC00003406,BANK6,CITY6,DEV0003406,DEV9003406
ACC00003407,BANK7,CITY7,DEV0003407,DEV9003407
ACC00003408,BANK0,CITY8,DEV0003408,DEV9003408
ACC00003409,BANK1,CITY9,DEV0003409,DEV9003409
ACC00003410,BANK2,CITY0,DEV0003410,DEV9003410
ACC00003411,BANK3,CITY1,DEV0003411,DEV9003411
ACC00003412,BANK4,CITY2,DEV0003412,DEV9003412
ACC00003413,BANK5,CITY3,DEV0003413,DEV9003413
ACC00003414,BANK6,CITY4,DEV0003414,DEV9003414
ACC00003415,BANK7,CITY5,DEV0003415,DEV9003415
ACC00003416,BANK0,CITY6,DEV0003416,DEV9003416
ACC00003417,BANK1,CITY7,DEV0003417,DEV9003417
ACC00003418,BANK2,CITY8,DEV0003418,DEV9003418
ACC00003419,BANK3,CITY9,DEV0003419,DEV9003419
ACC00003420,BANK4,CITY0,DEV0003420,DEV9003420
ACC00003421,BANK5,CITY1,DEV0003421,DEV9003421
ACC00003422,BANK6,CITY2,DEV0003422,DEV9003422
ACC00003423,BANK7,CITY3,DEV0003423,DEV9003423
ACC00003424,BANK0,CITY4,DEV0003424,DEV9003424
ACC00003425,BANK1,CITY5,DEV0003425,DEV9003425
ACC00003426,BANK2,CITY6,DEV0003426,DEV9003426
ACC00003427,BANK3,CITY7,DEV0003427,DEV9003427
ACC00003428,BANK4,CITY8,DEV0003428,DEV9003428
ACC00003429,BANK5,CITY9,DEV0003429,DEV9003429
ACC00003430,BANK6,CITY0,DEV0003430,DEV9003430
ACC00003431,BANK7,CITY1,DEV0003431,DEV9003431
ACC00003432,BANK0,CITY2,DEV0003432,DEV9003432
ACC00003433,BANK1,CITY3,DEV0003433,DEV9003433
ACC00003434,BANK2,CITY4,DEV0003434,DEV9003434
ACC00003435,BANK3,CITY5,DEV0003435,DEV9003435
ACC00003436,BANK4,CITY6,DEV0003436,DEV9003436
ACC00003437,BANK5,CITY7,DEV0003437,DEV9003437
ACC00003438,BANK6,CITY8,DEV0003438,DEV9003438
ACC00003439,BANK7,CITY9,DEV0003439,DEV9003439
ACC00003440,BANK0,CITY0,DEV0003440,DEV9003440
ACC00003441,BANK1,CITY1,DEV0003441,DEV9003441
ACC00003442,BANK2,CITY2,DEV0003442,DEV9003442
ACC00003443,BANK3,CITY3,DEV0003443,DEV9003443
ACC00003444,BANK4,CITY4,DEV0003444,DEV9003444
ACC00003445,BANK5,CITY5,DEV0003445,DEV9003445
ACC00003446,BANK6,CITY6,DEV0003446,DEV9003446
ACC00003447,BANK7,CITY7,DEV0003447,DEV9003447
ACC00003448,BANK0,CITY8,DEV0003448,DEV9003448
ACC00003449,BANK1,CITY9,DEV0003449,DEV9003449
ACC00003450,BANK2,CITY0,DEV0003450,DEV9003450
ACC00003451,BANK3,CITY1,DEV0003451,DEV9003451
ACC00003452,BANK4,CITY2,DEV0003452,DEV9003452
ACC00003453,BANK5,CITY3,DEV0003453,DEV9003453
ACC00003454,BANK6,CITY4,DEV0003454,DEV9003454
ACC00003455,BANK7,CITY5,DEV0003455,DEV9003455
ACC00003456,BANK0,CITY6,DEV0003456,DEV9003456
ACC00003457,BANK1,CITY7,DEV0003457,DEV9003457
ACC00003458,BANK2,CITY8,DEV0003458,DEV9003458
ACC00003459,BANK3,CITY9,DEV0003459,DEV9003459
ACC00003460,BANK4,CITY0,DEV0003460,DEV9003460
ACC00003461,BANK5,CITY1,DEV0003461,DEV9003461
ACC00003462,BANK6,CITY2,DEV0003462,DEV9003462
ACC00003463,BANK7,CITY3,DEV0003463,DEV9003463
ACC00003464,BANK0,CITY4,DEV0003464,DEV9003464
ACC00003465,BANK1,CITY5,DEV0003465,DEV9003465
ACC00003466,BANK2,CITY6,DEV0003466,DEV9003466
ACC00003467,BANK3,CITY7,DEV0003467,DEV9003467
ACC00003468,BANK4,CITY8,DEV0003468,DEV9003468
ACC00003469,BANK5,CITY9,DEV0003469,DEV9003469
ACC00003470,BANK6,CITY0,DEV0003470,DEV9003470
ACC00003471,BANK7,CITY1,DEV0003471,DEV9003471
ACC00003472,BANK0,CITY2,DEV0003472,DEV9003472
ACC00003473,BANK1,CITY3,DEV0003473,DEV9003473
ACC00003474,BANK2,CITY4,DEV0003474,DEV9003474
ACC00003475,BANK3,CITY5,DEV0003475,DEV9003475
ACC00003476,BANK4,CITY6,DEV0003476,DEV9003476
ACC00003477,BANK5,CITY7,DEV0003477,DEV9003477
ACC00003478,BANK6,CITY8,DEV0003478,DEV9003478
ACC00003479,BANK7,CITY9,DEV0003479,DEV9003479
ACC00003480,BANK0,CITY0,DEV0003480,DEV9003480
ACC00003481,BANK1,CITY1,DEV0003481,DEV9003481
ACC00003482,BANK2,CITY2,DEV0003482,DEV9003482
ACC00003483,BANK3,CITY3,DEV0003483,DEV9003483
ACC00003484,BANK4,CITY4,DEV0003484,DEV9003484
ACC00003485,BANK5,CITY5,DEV0003485,DEV9003485
ACC00003486,BANK6,CITY6,DEV0003486,DEV9003486
ACC00003487,BANK7,CITY7,DEV0003487,DEV9003487
ACC00003488,BANK0,CITY8,DEV0003488,DEV9003488
ACC00003489,BANK1,CITY9,DEV0003489,DEV9003489
ACC00003490,BANK2,CITY0,DEV0003490,DEV9003490
ACC00003491,BANK3,CITY1,DEV0003491,DEV9003491
ACC00003492,BANK4,CITY2,DEV0003492,DEV9003492
ACC00003493,BANK5,CITY3,DEV0003493,DEV9003493
ACC00003494,BANK6,CITY4,DEV0003494,DEV9003494
ACC00003495,BANK7,CITY5,DEV0003495,DEV9003495
ACC00003496,BANK0,CITY6,DEV0003496,DEV9003496
ACC00003497,BANK1,CITY7,DEV0003497,DEV9003497
ACC00003498,BANK2,CITY8,DEV0003498,DEV9003498
ACC00003499,BANK3,CITY9,DEV0003499,DEV9003499
ACC00003500,BANK4,CITY0,DEV0003500,DEV9003500
ACC00003501,BANK5,CITY1,DEV0003501,DEV9003501
ACC00003502,BANK6,CITY2,DEV0003502,DEV9003502
ACC00003503,BANK7,CITY3,DEV0003503,DEV9003503
ACC00003504,BANK0,CITY4,DEV0003504,DEV9003504
ACC00003505,BANK1,CITY5,DEV0003505,DEV9003505
ACC00003506,BANK2,CITY6,DEV0003506,DEV9003506
ACC00003507,BANK3,CITY7,DEV0003507,DEV9003507
ACC00003508,BANK4,CITY8,DEV0003508,DEV9003508
ACC00003509,BANK5,CITY9,DEV0003509,DEV9003509
ACC00003510,BANK6,CITY0,DEV0003510,DEV9003510
ACC00003511,BANK7,CITY1,DEV0003511,DEV9003511
ACC00003512,BANK0,CITY2,DEV0003512,DEV9003512
ACC00003513,BANK1,CITY3,DEV0003513,DEV9003513
ACC00003514,BANK2,CITY4,DEV0003514,DEV9003514
ACC00003515,BANK3,CITY5,DEV0003515,DEV9003515
ACC00003516,BANK4,CITY6,DEV0003516,DEV9003516
ACC00003517,BANK5,CITY7,DEV0003517,DEV9003517
ACC00003518,BANK6,CITY8,DEV0003518,DEV9003518
ACC00003519,BANK7,CITY9,DEV0003519,DEV9003519
ACC00003520,BANK0,CITY0,DEV0003520,DEV9003520
ACC00003521,BANK1,CITY1,DEV0003521,DEV9003521
ACC00003522,BANK2,CITY2,DEV0003522,DEV9003522
ACC00003523,BANK3,CITY3,DEV0003523,DEV9003523
ACC00003524,BANK4,CITY4,DEV0003524,DEV9003524
ACC00003525,BANK5,CITY5,DEV0003525,DEV9003525
ACC00003526,BANK6,CITY6,DEV0003526,DEV9003526
ACC00003527,BANK7,CITY7,DEV0003527,DEV9003527
ACC00003528,BANK0,CITY8,DEV0003528,DEV9003528
ACC00003529,BANK1,CITY9,DEV0003529,DEV9003529
ACC00003530,BANK2,CITY0,DEV0003530,DEV9003530
ACC00003531,BANK3,CITY1,DEV0003531,DEV9003531
ACC00003532,BANK4,CITY2,DEV0003532,DEV9003532
ACC00003533,BANK5,CITY3,DEV0003533,DEV9003533
ACC00003534,BANK6,CITY4,DEV0003534,DEV9003534
ACC00003535,BANK7,CITY5,DEV0003535,DEV9003535
ACC00003536,BANK0,CITY6,DEV0003536,DEV9003536
ACC00003537,BANK1,CITY7,DEV0003537,DEV9003537
ACC00003538,BANK2,CITY8,DEV0003538,DEV9003538
ACC00003539,BANK3,CITY9,DEV0003539,DEV9003539
ACC00003540,BANK4,CITY0,DEV0003540,DEV9003540
ACC00003541,BANK5,CITY1,DEV0003541,DEV9003541
ACC00003542,BANK6,CITY2,DEV0003542,DEV9003542
ACC00003543,BANK7,CITY3,DEV0003543,DEV9003543
ACC00003544,BANK0,CITY4,DEV0003544,DEV9003544
ACC00003545,BANK1,CITY5,DEV0003545,DEV9003545
ACC00003546,BANK2,CITY6,DEV0003546,DEV9003546
ACC00003547,BANK3,CITY7,DEV0003547,DEV9003547
ACC00003548,BANK4,CITY8,DEV0003548,DEV9003548
ACC00003549,BANK5,CITY9,DEV0003549,DEV9003549
ACC00003550,BANK6,CITY0,DEV0003550,DEV9003550
ACC00003551,BANK7,CITY1,DEV0003551,DEV9003551
ACC00003552,BANK0,CITY2,DEV0003552,DEV9003552
ACC00003553,BANK1,CITY3,DEV0003553,DEV9003553
ACC00003554,BANK2,CITY4,DEV0003554,DEV9003554
ACC00003555,BANK3,CITY5,DEV0003555,DEV9003555
ACC00003556,BANK4,CITY6,DEV0003556,DEV9003556
ACC00003557,BANK5,CITY7,DEV0003557,DEV9003557
ACC00003558,BANK6,CITY8,DEV0003558,DEV9003558
ACC00003559,BANK7,CITY9,DEV0003559,DEV9003559
ACC00003560,BANK0,CITY0,DEV0003560,DEV9003560
ACC00003561,BANK1,CITY1,DEV0003561,DEV9003561
ACC00003562,BANK2,CITY2,DEV0003562,DEV9003562
ACC00003563,BANK3,CITY3,DEV0003563,DEV9003563
ACC00003564,BANK4,CITY4,DEV0003564,DEV9003564
ACC00003565,BANK5,CITY5,DEV0003565,DEV9003565
ACC00003566,BANK6,CITY6,DEV0003566,DEV9003566
ACC00003567,BANK7,CITY7,DEV0003567,DEV9003567
ACC00003568,BANK0,CITY8,DEV0003568,DEV9003568
ACC00003569,BANK1,CITY9,DEV0003569,DEV9003569
ACC00003570,BANK2,CITY0,DEV0003570,DEV9003570
ACC00003571,BANK3,CITY1,DEV0003571,DEV9003571
ACC00003572,BANK4,CITY2,DEV0003572,DEV9003572
ACC00003573,BANK5,CITY3,DEV0003573,DEV9003573
ACC00003574,BANK6,CITY4,DEV0003574,DEV9003574
ACC00003575,BANK7,CITY5,DEV0003575,DEV9003575
ACC00003576,BANK0,CITY6,DEV0003576,DEV9003576
ACC00003577,BANK1,CITY7,DEV0003577,DEV9003577
ACC00003578,BANK2,CITY8,DEV0003578,DEV9003578
ACC00003579,BANK3,CITY9,DEV0003579,DEV9003579
ACC00003580,BANK4,CITY0,DEV0003580,DEV9003580
ACC00003581,BANK5,CITY1,DEV0003581,DEV9003581
ACC00003582,BANK6,CITY2,DEV0003582,DEV9003582
ACC00003583,BANK7,CITY3,DEV0003583,DEV9003583
ACC00003584,BANK0,CITY4,DEV0003584,DEV9003584
ACC00003585,BANK1,CITY5,DEV0003585,DEV9003585
ACC00003586,BANK2,CITY6,DEV0003586,DEV9003586
ACC00003587,BANK3,CITY7,DEV0003587,DEV9003587
ACC00003588,BANK4,CITY8,DEV0003588,DEV9003588
ACC00003589,BANK5,CITY9,DEV0003589,DEV9003589
ACC00003590,BANK6,CITY0,DEV0003590,DEV9003590
ACC00003591,BANK7,CITY1,DEV0003591,DEV9003591
ACC00003592,BANK0,CITY2,DEV0003592,DEV9003592
ACC00003593,BANK1,CITY3,DEV0003593,DEV9003593
ACC00003594,BANK2,CITY4,DEV0003594,DEV9003594
ACC00003595,BANK3,CITY5,DEV0003595,DEV9003595
ACC00003596,BANK4,CITY6,DEV0003596,DEV9003596
ACC00003597,BANK5,CITY7,DEV0003597,DEV9003597
ACC00003598,BANK6,CITY8,DEV0003598,DEV9003598
ACC00003599,BANK7,CITY9,DEV0003599,DEV9003599
ACC00003600,BANK0,CITY0,DEV0003600,DEV9003600
ACC00003601,BANK1,CITY1,DEV0003601,DEV9003601
ACC00003602,BANK2,CITY2,DEV0003602,DEV9003602
ACC00003603,BANK3,CITY3,DEV0003603,DEV9003603
ACC00003604,BANK4,CITY4,DEV0003604,DEV9003604
ACC00003605,BANK5,CITY5,DEV0003605,DEV9003605
ACC00003606,BANK6,CITY6,DEV0003606,DEV9003606
ACC00003607,BANK7,CITY7,DEV0003607,DEV9003607
ACC00003608,BANK0,CITY8,DEV0003608,DEV9003608
ACC00003609,BANK1,CITY9,DEV0003609,DEV9003609
ACC00003610,BANK2,CITY0,DEV0003610,DEV9003610
ACC00003611,BANK3,CITY1,DEV0003611,DEV9003611
ACC00003612,BANK4,CITY2,DEV0003612,DEV9003612
ACC00003613,BANK5,CITY3,DEV0003613,DEV9003613
ACC00003614,BANK6,CITY4,DEV0003614,DEV9003614
ACC00003615,BANK7,CITY5,DEV0003615,DEV9003615
ACC00003616,BANK0,CITY6,DEV0003616,DEV9003616
ACC00003617,BANK1,CITY7,DEV0003617,DEV9003617
ACC00003618,BANK2,CITY8,DEV0003618,DEV9003618
ACC00003619,BANK3,CITY9,DEV0003619,DEV9003619
ACC00003620,BANK4,CITY0,DEV0003620,DEV9003620
ACC00003621,BANK5,CITY1,DEV0003621,DEV9003621
ACC00003622,BANK6,CITY2,DEV0003622,DEV9003622
ACC00003623,BANK7,CITY3,DEV0003623,DEV9003623
ACC00003624,BANK0,CITY4,DEV0003624,DEV9003624
ACC00003625,BANK1,CITY5,DEV0003625,DEV9003625
ACC00003626,BANK2,CITY6,DEV0003626,DEV9003626
ACC00003627,BANK3,CITY7,DEV0003627,DEV9003627
ACC00003628,BANK4,CITY8,DEV0003628,DEV9003628
ACC00003629,BANK5,CITY9,DEV0003629,DEV9003629
ACC00003630,BANK6,CITY0,DEV0003630,DEV9003630
ACC00003631,BANK7,CITY1,DEV0003631,DEV9003631
ACC00003632,BANK0,CITY2,DEV0003632,DEV9003632
ACC00003633,BANK1,CITY3,DEV0003633,DEV9003633
ACC00003634,BANK2,CITY4,DEV0003634,DEV9003634
ACC00003635,BANK3,CITY5,DEV0003635,DEV9003635
ACC00003636,BANK4,CITY6,DEV0003636,DEV9003636
ACC00003637,BANK5,CITY7,DEV0003637,DEV9003637
ACC00003638,BANK6,CITY8,DEV0003638,DEV9003638
ACC00003639,BANK7,CITY9,DEV0003639,DEV9003639
ACC00003640,BANK0,CITY0,DEV0003640,DEV9003640
ACC00003641,BANK1,CITY1,DEV0003641,DEV9003641
ACC00003642,BANK2,CITY2,DEV0003642,DEV9003642
ACC00003643,BANK3,CITY3,DEV0003643,DEV9003643
ACC00003644,BANK4,CITY4,DEV0003644,DEV9003644
ACC00003645,BANK5,CITY5,DEV0003645,DEV9003645
ACC00003646,BANK6,CITY6,DEV0003646,DEV9003646
ACC00003647,BANK7,CITY7,DEV0003647,DEV9003647
ACC00003648,BANK0,CITY8,DEV0003648,DEV9003648
ACC00003649,BANK1,CITY9,DEV0003649,DEV9003649
ACC00003650,BANK2,CITY0,DEV0003650,DEV9003650
ACC00003651,BANK3,CITY1,DEV0003651,DEV9003651
ACC00003652,BANK4,CITY2,DEV0003652,DEV9003652
ACC00003653,BANK5,CITY3,DEV0003653,DEV9003653
ACC00003654,BANK6,CITY4,DEV0003654,DEV9003654
ACC00003655,BANK7,CITY5,DEV0003655,DEV9003655
ACC00003656,BANK0,CITY6,DEV0003656,DEV9003656
ACC00003657,BANK1,CITY7,DEV0003657,DEV9003657
ACC00003658,BANK2,CITY8,DEV0003658,DEV9003658
ACC00003659,BANK3,CITY9,DEV0003659,DEV9003659
ACC00003660,BANK4,CITY0,DEV0003660,DEV9003660
ACC00003661,BANK5,CITY1,DEV0003661,DEV9003661
ACC00003662,BANK6,CITY2,DEV0003662,DEV9003662
ACC00003663,BANK7,CITY3,DEV0003663,DEV9003663
ACC00003664,BANK0,CITY4,DEV0003664,DEV9003664
ACC00003665,BANK1,CITY5,DEV0003665,DEV9003665
ACC00003666,BANK2,CITY6,DEV0003666,DEV9003666
ACC00003667,BANK3,CITY7,DEV0003667,DEV9003667
ACC00003668,BANK4,CITY8,DEV0003668,DEV9003668
ACC00003669,BANK5,CITY9,DEV0003669,DEV9003669
ACC00003670,BANK6,CITY0,DEV0003670,DEV9003670
ACC00003671,BANK7,CITY1,DEV0003671,DEV9003671
ACC00003672,BANK0,CITY2,DEV0003672,DEV9003672
ACC00003673,BANK1,CITY3,DEV0003673,DEV9003673
ACC00003674,BANK2,CITY4,DEV0003674,DEV9003674
ACC00003675,BANK3,CITY5,DEV0003675,DEV9003675
ACC00003676,BANK4,CITY6,DEV0003676,DEV9003676
ACC00003677,BANK5,CITY7,DEV0003677,DEV9003677
ACC00003678,BANK6,CITY8,DEV0003678,DEV9003678
ACC00003679,BANK7,CITY9,DEV0003679,DEV9003679
ACC00003680,BANK0,CITY0,DEV0003680,DEV9003680
ACC00003681,BANK1,CITY1,DEV0003681,DEV9003681
ACC00003682,BANK2,CITY2,DEV0003682,DEV9003682
ACC00003683,BANK3,CITY3,DEV0003683,DEV9003683
ACC00003684,BANK4,CITY4,DEV0003684,DEV9003684
ACC00003685,BANK5,CITY5,DEV0003685,DEV9003685
ACC00003686,BANK6,CITY6,DEV0003686,DEV9003686
ACC00003687,BANK7,CITY7,DEV0003687,DEV9003687
ACC00003688,BANK0,CITY8,DEV0003688,DEV9003688
ACC00003689,BANK1,CITY9,DEV0003689,DEV9003689
ACC00003690,BANK2,CITY0,DEV0003690,DEV9003690
ACC00003691,BANK3,CITY1,DEV0003691,DEV9003691
ACC00003692,BANK4,CITY2,DEV0003692,DEV9003692
ACC00003693,BANK5,CITY3,DEV0003693,DEV9003693
ACC00003694,BANK6,CITY4,DEV0003694,DEV9003694
ACC00003695,BANK7,CITY5,DEV0003695,DEV9003695
ACC00003696,BANK0,CITY6,DEV0003696,DEV9003696
ACC00003697,BANK1,CITY7,DEV0003697,DEV9003697
ACC00003698,BANK2,CITY8,DEV0003698,DEV9003698
ACC00003699,BANK3,CITY9,DEV0003699,DEV9003699
ACC00003700,BANK4,CITY0,DEV0003700,DEV9003700
ACC00003701,BANK5,CITY1,DEV0003701,DEV9003701
ACC00003702,BANK6,CITY2,DEV0003702,DEV9003702
ACC00003703,BANK7,CITY3,DEV0003703,DEV9003703
ACC00003704,BANK0,CITY4,DEV0003704,DEV9003704
ACC00003705,BANK1,CITY5,DEV0003705,DEV9003705
ACC00003706,BANK2,CITY6,DEV0003706,DEV9003706
ACC00003707,BANK3,CITY7,DEV0003707,DEV9003707
ACC00003708,BANK4,CITY8,DEV0003708,DEV9003708
ACC00003709,BANK5,CITY9,DEV0003709,DEV9003709
ACC00003710,BANK6,CITY0,DEV0003710,DEV9003710
ACC00003711,BANK7,CITY1,DEV0003711,DEV9003711
ACC00003712,BANK0,CITY2,DEV0003712,DEV9003712
ACC00003713,BANK1,CITY3,DEV0003713,DEV9003713
ACC00003714,BANK2,CITY4,DEV0003714,DEV9003714
ACC00003715,BANK3,CITY5,DEV0003715,DEV9003715
ACC00003716,BANK4,CITY6,DEV0003716,DEV9003716
ACC00003717,BANK5,CITY7,DEV0003717,DEV9003717
ACC00003718,BANK6,CITY8,DEV0003718,DEV9003718
ACC00003719,BANK7,CITY9,DEV0003719,DEV9003719
ACC00003720,BANK0,CITY0,DEV0003720,DEV9003720
ACC00003721,BANK1,CITY1,DEV0003721,DEV9003721
ACC00003722,BANK2,CITY2,DEV0003722,DEV9003722
ACC00003723,BANK3,CITY3,DEV0003723,DEV9003723
ACC00003724,BANK4,CITY4,DEV0003724,DEV9003724
ACC00003725,BANK5,CITY5,DEV0003725,DEV9003725
ACC00003726,BANK6,CITY6,DEV0003726,DEV9003726
ACC00003727,BANK7,CITY7,DEV0003727,DEV9003727
ACC00003728,BANK0,CITY8,DEV0003728,DEV9003728
ACC00003729,BANK1,CITY9,DEV0003729,DEV9003729
ACC00003730,BANK2,CITY0,DEV0003730,DEV9003730
ACC00003731,BANK3,CITY1,DEV0003731,DEV9003731
ACC00003732,BANK4,CITY2,DEV0003732,DEV9003732
ACC00003733,BANK5,CITY3,DEV0003733,DEV9003733
ACC00003734,BANK6,CITY4,DEV0003734,DEV9003734
ACC00003735,BANK7,CITY5,DEV0003735,DEV9003735
ACC00003736,BANK0,CITY6,DEV0003736,DEV9003736
ACC00003737,BANK1,CITY7,DEV0003737,DEV9003737
ACC00003738,BANK2,CITY8,DEV0003738,DEV9003738
ACC00003739,BANK3,CITY9,DEV0003739,DEV9003739
ACC00003740,BANK4,CITY0,DEV0003740,DEV9003740
ACC00003741,BANK5,CITY1,DEV0003741,DEV9003741
ACC00003742,BANK6,CITY2,DEV0003742,DEV9003742
ACC00003743,BANK7,CITY3,DEV0003743,DEV9003743
ACC00003744,BANK0,CITY4,DEV0003744,DEV9003744
ACC00003745,BANK1,CITY5,DEV0003745,DEV9003745
ACC00003746,BANK2,CITY6,DEV0003746,DEV9003746
ACC00003747,BANK3,CITY7,DEV0003747,DEV9003747
ACC00003748,BANK4,CITY8,DEV0003748,DEV9003748
ACC00003749,BANK5,CITY9,DEV0003749,DEV9003749
ACC00003750,BANK6,CITY0,DEV0003750,DEV9003750
ACC00003751,BANK7,CITY1,DEV0003751,DEV9003751
ACC00003752,BANK0,CITY2,DEV0003752,DEV9003752
ACC00003753,BANK1,CITY3,DEV0003753,DEV9003753
ACC00003754,BANK2,CITY4,DEV0003754,DEV9003754
ACC00003755,BANK3,CITY5,DEV0003755,DEV9003755
ACC00003756,BANK4,CITY6,DEV0003756,DEV9003756
ACC00003757,BANK5,CITY7,DEV0003757,DEV9003757
ACC00003758,BANK6,CITY8,DEV0003758,DEV9003758
ACC00003759,BANK7,CITY9,DEV0003759,DEV9003759
ACC00003760,BANK0,CITY0,DEV0003760,DEV9003760
ACC00003761,BANK1,CITY1,DEV0003761,DEV9003761
ACC00003762,BANK2,CITY2,DEV0003762,DEV9003762
ACC00003763,BANK3,CITY3,DEV0003763,DEV9003763
ACC00003764,BANK4,CITY4,DEV0003764,DEV9003764
ACC00003765,BANK5,CITY5,DEV0003765,DEV9003765
ACC00003766,BANK6,CITY6,DEV0003766,DEV9003766
ACC00003767,BANK7,CITY7,DEV0003767,DEV9003767
ACC00003768,BANK0,CITY8,DEV0003768,DEV9003768
ACC00003769,BANK1,CITY9,DEV0003769,DEV9003769
ACC00003770,BANK2,CITY0,DEV0003770,DEV9003770
ACC00003771,BANK3,CITY1,DEV0003771,DEV9003771
ACC00003772,BANK4,CITY2,DEV0003772,DEV9003772
ACC00003773,BANK5,CITY3,DEV0003773,DEV9003773
ACC00003774,BANK6,CITY4,DEV0003774,DEV9003774
ACC00003775,BANK7,CITY5,DEV0003775,DEV9003775
ACC00003776,BANK0,CITY6,DEV0003776,DEV9003776
ACC00003777,BANK1,CITY7,DEV0003777,DEV9003777
ACC00003778,BANK2,CITY8,DEV0003778,DEV9003778
ACC00003779,BANK3,CITY9,DEV0003779,DEV9003779
ACC00003780,BANK4,CITY0,DEV0003780,DEV9003780
ACC00003781,BANK5,CITY1,DEV0003781,DEV9003781
ACC00003782,BANK6,CITY2,DEV0003782,DEV9003782
ACC00003783,BANK7,CITY3,DEV0003783,DEV9003783
ACC00003784,BANK0,CITY4,DEV0003784,DEV9003784
ACC00003785,BANK1,CITY5,DEV0003785,DEV9003785
ACC00003786,BANK2,CITY6,DEV0003786,DEV9003786
ACC00003787,BANK3,CITY7,DEV0003787,DEV9003787
ACC00003788,BANK4,CITY8,DEV0003788,DEV9003788
ACC00003789,BANK5,CITY9,DEV0003789,DEV9003789
ACC00003790,BANK6,CITY0,DEV0003790,DEV9003790
ACC00003791,BANK7,CITY1,DEV0003791,DEV9003791
ACC00003792,BANK0,CITY2,DEV0003792,DEV9003792
ACC00003793,BANK1,CITY3,DEV0003793,DEV9003793
ACC00003794,BANK2,CITY4,DEV0003794,DEV9003794
ACC00003795,BANK3,CITY5,DEV0003795,DEV9003795
ACC00003796,BANK4,CITY6,DEV0003796,DEV9003796
ACC00003797,BANK5,CITY7,DEV0003797,DEV9003797
ACC00003798,BANK6,CITY8,DEV0003798,DEV9003798
ACC00003799,BANK7,CITY9,DEV0003799,DEV9003799
ACC00003800,BANK0,CITY0,DEV0003800,DEV9003800
ACC00003801,BANK1,CITY1,DEV0003801,DEV9003801
ACC00003802,BANK2,CITY2,DEV0003802,DEV9003802
ACC00003803,BANK3,CITY3,DEV0003803,DEV9003803
ACC00003804,BANK4,CITY4,DEV0003804,DEV9003804
ACC00003805,BANK5,CITY5,DEV0003805,DEV9003805
ACC00003806,BANK6,CITY6,DEV0003806,DEV9003806
ACC00003807,BANK7,CITY7,DEV0003807,DEV9003807
ACC00003808,BANK0,CITY8,DEV0003808,DEV9003808
ACC00003809,BANK1,CITY9,DEV0003809,DEV9003809
ACC00003810,BANK2,CITY0,DEV0003810,DEV9003810
ACC00003811,BANK3,CITY1,DEV0003811,DEV9003811
ACC00003812,BANK4,CITY2,DEV0003812,DEV9003812
ACC00003813,BANK5,CITY3,DEV0003813,DEV9003813
ACC00003814,BANK6,CITY4,DEV0003814,DEV9003814
ACC00003815,BANK7,CITY5,DEV0003815,DEV9003815
ACC00003816,BANK0,CITY6,DEV0003816,DEV9003816
ACC00003817,BANK1,CITY7,DEV0003817,DEV9003817
ACC00003818,BANK2,CITY8,DEV0003818,DEV9003818
ACC00003819,BANK3,CITY9,DEV0003819,DEV9003819
ACC00003820,BANK4,CITY0,DEV0003820,DEV9003820
ACC00003821,BANK5,CITY1,DEV0003821,DEV9003821
ACC00003822,BANK6,CITY2,DEV0003822,DEV9003822
ACC00003823,BANK7,CITY3,DEV0003823,DEV9003823
ACC00003824,BANK0,CITY4,DEV0003824,DEV9003824
ACC00003825,BANK1,CITY5,DEV0003825,DEV9003825
ACC00003826,BANK2,CITY6,DEV0003826,DEV9003826
ACC00003827,BANK3,CITY7,DEV0003827,DEV9003827
ACC00003828,BANK4,CITY8,DEV0003828,DEV9003828
ACC00003829,BANK5,CITY9,DEV0003829,DEV9003829
ACC00003830,BANK6,CITY0,DEV0003830,DEV9003830
ACC00003831,BANK7,CITY1,DEV0003831,DEV9003831
ACC00003832,BANK0,CITY2,DEV0003832,DEV9003832
ACC00003833,BANK1,CITY3,DEV0003833,DEV9003833
ACC00003834,BANK2,CITY4,DEV0003834,DEV9003834
ACC00003835,BANK3,CITY5,DEV0003835,DEV9003835
ACC00003836,BANK4,CITY6,DEV0003836,DEV9003836
ACC00003837,BANK5,CITY7,DEV0003837,DEV9003837
ACC00003838,BANK6,CITY8,DEV0003838,DEV9003838
ACC00003839,BANK7,CITY9,DEV0003839,DEV9003839
ACC00003840,BANK0,CITY0,DEV0003840,DEV9003840
ACC00003841,BANK1,CITY1,DEV0003841,DEV9003841
ACC00003842,BANK2,CITY2,DEV0003842,DEV9003842
ACC00003843,BANK3,CITY3,DEV0003843,DEV9003843
ACC00003844,BANK4,CITY4,DEV0003844,DEV9003844
ACC00003845,BANK5,CITY5,DEV0003845,DEV9003845
ACC00003846,BANK6,CITY6,DEV0003846,DEV9003846
ACC00003847,BANK7,CITY7,DEV0003847,DEV9003847
ACC00003848,BANK0,CITY8,DEV0003848,DEV9003848
ACC00003849,BANK1,CITY9,DEV0003849,DEV9003849
ACC00003850,BANK2,CITY0,DEV0003850,DEV9003850
ACC00003851,BANK3,CITY1,DEV0003851,DEV9003851
ACC00003852,BANK4,CITY2,DEV0003852,DEV9003852
ACC00003853,BANK5,CITY3,DEV0003853,DEV9003853
ACC00003854,BANK6,CITY4,DEV0003854,DEV9003854
ACC00003855,BANK7,CITY5,DEV0003855,DEV9003855
ACC00003856,BANK0,CITY6,DEV0003856,DEV9003856
ACC00003857,BANK1,CITY7,DEV0003857,DEV9003857
ACC00003858,BANK2,CITY8,DEV0003858,DEV9003858
ACC00003859,BANK3,CITY9,DEV0003859,DEV9003859
ACC00003860,BANK4,CITY0,DEV0003860,DEV9003860
ACC00003861,BANK5,CITY1,DEV0003861,DEV9003861
ACC00003862,BANK6,CITY2,DEV0003862,DEV9003862
ACC00003863,BANK7,CITY3,DEV0003863,DEV9003863
ACC00003864,BANK0,CITY4,DEV0003864,DEV9003864
ACC00003865,BANK1,CITY5,DEV0003865,DEV9003865
ACC00003866,BANK2,CITY6,DEV0003866,DEV9003866
ACC00003867,BANK3,CITY7,DEV0003867,DEV9003867
ACC00003868,BANK4,CITY8,DEV0003868,DEV9003868
ACC00003869,BANK5,CITY9,DEV0003869,DEV9003869
ACC00003870,BANK6,CITY0,DEV0003870,DEV9003870
ACC00003871,BANK7,CITY1,DEV0003871,DEV9003871
ACC00003872,BANK0,CITY2,DEV0003872,DEV9003872
ACC00003873,BANK1,CITY3,DEV0003873,DEV9003873
ACC00003874,BANK2,CITY4,DEV0003874,DEV9003874
ACC00003875,BANK3,CITY5,DEV0003875,DEV9003875
ACC00003876,BANK4,CITY6,DEV0003876,DEV9003876
ACC00003877,BANK5,CITY7,DEV0003877,DEV9003877
ACC00003878,BANK6,CITY8,DEV0003878,DEV9003878
ACC00003879,BANK7,CITY9,DEV0003879,DEV9003879
ACC00003880,BANK0,CITY0,DEV0003880,DEV9003880
ACC00003881,BANK1,CITY1,DEV0003881,DEV9003881
ACC00003882,BANK2,CITY2,DEV0003882,DEV9003882
ACC00003883,BANK3,CITY3,DEV0003883,DEV9003883
ACC00003884,BANK4,CITY4,DEV0003884,DEV9003884
ACC00003885,BANK5,CITY5,DEV0003885,DEV9003885
ACC00003886,BANK6,CITY6,DEV0003886,DEV9003886
ACC00003887,BANK7,CITY7,DEV0003887,DEV9003887
ACC00003888,BANK0,CITY8,DEV0003888,DEV9003888
ACC00003889,BANK1,CITY9,DEV0003889,DEV9003889
ACC00003890,BANK2,CITY0,DEV0003890,DEV9003890
ACC00003891,BANK3,CITY1,DEV0003891,DEV9003891
ACC00003892,BANK4,CITY2,DEV0003892,DEV9003892
ACC00003893,BANK5,CITY3,DEV0003893,DEV9003893
ACC00003894,BANK6,CITY4,DEV0003894,DEV9003894
ACC00003895,BANK7,CITY5,DEV0003895,DEV9003895
ACC00003896,BANK0,CITY6,DEV0003896,DEV9003896
ACC00003897,BANK1,CITY7,DEV0003897,DEV9003897
ACC00003898,BANK2,CITY8,DEV0003898,DEV9003898
ACC00003899,BANK3,CITY9,DEV0003899,DEV9003899
ACC00003900,BANK4,CITY0,DEV0003900,DEV9003900
ACC00003901,BANK5,CITY1,DEV0003901,DEV9003901
ACC00003902,BANK6,CITY2,DEV0003902,DEV9003902
ACC00003903,BANK7,CITY3,DEV0003903,DEV9003903
ACC00003904,BANK0,CITY4,DEV0003904,DEV9003904
ACC00003905,BANK1,CITY5,DEV0003905,DEV9003905
ACC00003906,BANK2,CITY6,DEV0003906,DEV9003906
ACC00003907,BANK3,CITY7,DEV0003907,DEV9003907
ACC00003908,BANK4,CITY8,DEV0003908,DEV9003908
ACC00003909,BANK5,CITY9,DEV0003909,DEV9003909
ACC00003910,BANK6,CITY0,DEV0003910,DEV9003910
ACC00003911,BANK7,CITY1,DEV0003911,DEV9003911
ACC00003912,BANK0,CITY2,DEV0003912,DEV9003912
ACC00003913,BANK1,CITY3,DEV0003913,DEV9003913
ACC00003914,BANK2,CITY4,DEV0003914,DEV9003914
ACC00003915,BANK3,CITY5,DEV0003915,DEV9003915
ACC00003916,BANK4,CITY6,DEV0003916,DEV9003916
ACC00003917,BANK5,CITY7,DEV0003917,DEV9003917
ACC00003918,BANK6,CITY8,DEV0003918,DEV9003918
ACC00003919,BANK7,CITY9,DEV0003919,DEV9003919
ACC00003920,BANK0,CITY0,DEV0003920,DEV9003920
ACC00003921,BANK1,CITY1,DEV0003921,DEV9003921
ACC00003922,BANK2,CITY2,DEV0003922,DEV9003922
ACC00003923,BANK3,CITY3,DEV0003923,DEV9003923
ACC00003924,BANK4,CITY4,DEV0003924,DEV9003924
ACC00003925,BANK5,CITY5,DEV0003925,DEV9003925
ACC00003926,BANK6,CITY6,DEV0003926,DEV9003926
ACC00003927,BANK7,CITY7,DEV0003927,DEV9003927
ACC00003928,BANK0,CITY8,DEV0003928,DEV9003928
ACC00003929,BANK1,CITY9,DEV0003929,DEV9003929
ACC00003930,BANK2,CITY0,DEV0003930,DEV9003930
ACC00003931,BANK3,CITY1,DEV0003931,DEV9003931
ACC00003932,BANK4,CITY2,DEV0003932,DEV9003932
ACC00003933,BANK5,CITY3,DEV0003933,DEV9003933
ACC00003934,BANK6,CITY4,DEV0003934,DEV9003934
ACC00003935,BANK7,CITY5,DEV0003935,DEV9003935
ACC00003936,BANK0,CITY6,DEV0003936,DEV9003936
ACC00003937,BANK1,CITY7,DEV0003937,DEV9003937
ACC00003938,BANK2,CITY8,DEV0003938,DEV9003938
ACC00003939,BANK3,CITY9,DEV0003939,DEV9003939
ACC00003940,BANK4,CITY0,DEV0003940,DEV9003940
ACC00003941,BANK5,CITY1,DEV0003941,DEV9003941
ACC00003942,BANK6,CITY2,DEV0003942,DEV9003942
ACC00003943,BANK7,CITY3,DEV0003943,DEV9003943
ACC00003944,BANK0,CITY4,DEV0003944,DEV9003944
ACC00003945,BANK1,CITY5,DEV0003945,DEV9003945
ACC00003946,BANK2,CITY6,DEV0003946,DEV9003946
ACC00003947,BANK3,CITY7,DEV0003947,DEV9003947
ACC00003948,BANK4,CITY8,DEV0003948,DEV9003948
ACC00003949,BANK5,CITY9,DEV0003949,DEV9003949
ACC00003950,BANK6,CITY0,DEV0003950,DEV9003950
ACC00003951,BANK7,CITY1,DEV0003951,DEV9003951
ACC00003952,BANK0,CITY2,DEV0003952,DEV9003952
ACC00003953,BANK1,CITY3,DEV0003953,DEV9003953
ACC00003954,BANK2,CITY4,DEV0003954,DEV9003954
ACC00003955,BANK3,CITY5,DEV0003955,DEV9003955
ACC00003956,BANK4,CITY6,DEV0003956,DEV9003956
ACC00003957,BANK5,CITY7,DEV0003957,DEV9003957
ACC00003958,BANK6,CITY8,DEV0003958,DEV9003958
ACC00003959,BANK7,CITY9,DEV0003959,DEV9003959
ACC00003960,BANK0,CITY0,DEV0003960,DEV9003960
ACC00003961,BANK1,CITY1,DEV0003961,DEV9003961
ACC00003962,BANK2,CITY2,DEV0003962,DEV9003962
ACC00003963,BANK3,CITY3,DEV0003963,DEV9003963
ACC00003964,BANK4,CITY4,DEV0003964,DEV9003964
ACC00003965,BANK5,CITY5,DEV0003965,DEV9003965
ACC00003966,BANK6,CITY6,DEV0003966,DEV9003966
ACC00003967,BANK7,CITY7,DEV0003967,DEV9003967
ACC00003968,BANK0,CITY8,DEV0003968,DEV9003968
ACC00003969,BANK1,CITY9,DEV0003969,DEV9003969
ACC00003970,BANK2,CITY0,DEV0003970,DEV9003970
ACC00003971,BANK3,CITY1,DEV0003971,DEV9003971
ACC00003972,BANK4,CITY2,DEV0003972,DEV9003972
ACC00003973,BANK5,CITY3,DEV0003973,DEV9003973
ACC00003974,BANK6,CITY4,DEV0003974,DEV9003974
ACC00003975,BANK7,CITY5,DEV0003975,DEV9003975
ACC00003976,BANK0,CITY6,DEV0003976,DEV9003976
ACC00003977,BANK1,CITY7,DEV0003977,DEV9003977
ACC00003978,BANK2,CITY8,DEV0003978,DEV9003978
ACC00003979,BANK3,CITY9,DEV0003979,DEV9003979
ACC00003980,BANK4,CITY0,DEV0003980,DEV9003980
ACC00003981,BANK5,CITY1,DEV0003981,DEV9003981
ACC00003982,BANK6,CITY2,DEV0003982,DEV9003982
ACC00003983,BANK7,CITY3,DEV0003983,DEV9003983
ACC00003984,BANK0,CITY4,DEV0003984,DEV9003984
ACC00003985,BANK1,CITY5,DEV0003985,DEV9003985
ACC00003986,BANK2,CITY6,DEV0003986,DEV9003986
ACC00003987,BANK3,CITY7,DEV0003987,DEV9003987
ACC00003988,BANK4,CITY8,DEV0003988,DEV9003988
ACC00003989,BANK5,CITY9,DEV0003989,DEV9003989
ACC00003990,BANK6,CITY0,DEV0003990,DEV9003990
ACC00003991,BANK7,CITY1,DEV0003991,DEV9003991
ACC00003992,BANK0,CITY2,DEV0003992,DEV9003992
ACC00003993,BANK1,CITY3,DEV0003993,DEV9003993
ACC00003994,BANK2,CITY4,DEV0003994,DEV9003994
ACC00003995,BANK3,CITY5,DEV0003995,DEV9003995
ACC00003996,BANK4,CITY6,DEV0003996,DEV9003996
ACC00003997,BANK5,CITY7,DEV0003997,DEV9003997
ACC00003998,BANK6,CITY8,DEV0003998,DEV9003998
ACC00003999,BANK7,CITY9,DEV0003999,DEV9003999
ACC00004000,BANK0,CITY0,DEV0004000,DEV9004000
ACC00004001,BANK1,CITY1,DEV0004001,DEV9004001
ACC00004002,BANK2,CITY2,DEV0004002,DEV9004002
ACC00004003,BANK3,CITY3,DEV0004003,DEV9004003
ACC00004004,BANK4,CITY4,DEV0004004,DEV9004004
ACC00004005,BANK5,CITY5,DEV0004005,DEV9004005
ACC00004006,BANK6,CITY6,DEV0004006,DEV9004006
ACC00004007,BANK7,CITY7,DEV0004007,DEV9004007
ACC00004008,BANK0,CITY8,DEV0004008,DEV9004008
ACC00004009,BANK1,CITY9,DEV0004009,DEV9004009
ACC00004010,BANK2,CITY0,DEV0004010,DEV9004010
ACC00004011,BANK3,CITY1,DEV0004011,DEV9004011
ACC00004012,BANK4,CITY2,DEV0004012,DEV9004012
ACC00004013,BANK5,CITY3,DEV0004013,DEV9004013
ACC00004014,BANK6,CITY4,DEV0004014,DEV9004014
ACC00004015,BANK7,CITY5,DEV0004015,DEV9004015
ACC00004016,BANK0,CITY6,DEV0004016,DEV9004016
ACC00004017,BANK1,CITY7,DEV0004017,DEV9004017
ACC00004018,BANK2,CITY8,DEV0004018,DEV9004018
ACC00004019,BANK3,CITY9,DEV0004019,DEV9004019
ACC00004020,BANK4,CITY0,DEV0004020,DEV9004020
ACC00004021,BANK5,CITY1,DEV0004021,DEV9004021
ACC00004022,BANK6,CITY2,DEV0004022,DEV9004022
ACC00004023,BANK7,CITY3,DEV0004023,DEV9004023
ACC00004024,BANK0,CITY4,DEV0004024,DEV9004024
ACC00004025,BANK1,CITY5,DEV0004025,DEV9004025
ACC00004026,BANK2,CITY6,DEV0004026,DEV9004026
ACC00004027,BANK3,CITY7,DEV0004027,DEV9004027
ACC00004028,BANK4,CITY8,DEV0004028,DEV9004028
ACC00004029,BANK5,CITY9,DEV0004029,DEV9004029
ACC00004030,BANK6,CITY0,DEV0004030,DEV9004030
ACC00004031,BANK7,CITY1,DEV0004031,DEV9004031
ACC00004032,BANK0,CITY2,DEV0004032,DEV9004032
ACC00004033,BANK1,CITY3,DEV0004033,DEV9004033
ACC00004034,BANK2,CITY4,DEV0004034,DEV9004034
ACC00004035,BANK3,CITY5,DEV0004035,DEV9004035
ACC00004036,BANK4,CITY6,DEV0004036,DEV9004036
ACC00004037,BANK5,CITY7,DEV0004037,DEV9004037
ACC00004038,BANK6,CITY8,DEV0004038,DEV9004038
ACC00004039,BANK7,CITY9,DEV0004039,DEV9004039
ACC00004040,BANK0,CITY0,DEV0004040,DEV9004040
ACC00004041,BANK1,CITY1,DEV0004041,DEV9004041
ACC00004042,BANK2,CITY2,DEV0004042,DEV9004042
ACC00004043,BANK3,CITY3,DEV0004043,DEV9004043
ACC00004044,BANK4,CITY4,DEV0004044,DEV9004044
ACC00004045,BANK5,CITY5,DEV0004045,DEV9004045
ACC00004046,BANK6,CITY6,DEV0004046,DEV9004046
ACC00004047,BANK7,CITY7,DEV0004047,DEV9004047
ACC00004048,BANK0,CITY8,DEV0004048,DEV9004048
ACC00004049,BANK1,CITY9,DEV0004049,DEV9004049
ACC00004050,BANK2,CITY0,DEV0004050,DEV9004050
ACC00004051,BANK3,CITY1,DEV0004051,DEV9004051
ACC00004052,BANK4,CITY2,DEV0004052,DEV9004052
ACC00004053,BANK5,CITY3,DEV0004053,DEV9004053
ACC00004054,BANK6,CITY4,DEV0004054,DEV9004054
ACC00004055,BANK7,CITY5,DEV0004055,DEV9004055
ACC00004056,BANK0,CITY6,DEV0004056,DEV9004056
ACC00004057,BANK1,CITY7,DEV0004057,DEV9004057
ACC00004058,BANK2,CITY8,DEV0004058,DEV9004058
ACC00004059,BANK3,CITY9,DEV0004059,DEV9004059
ACC00004060,BANK4,CITY0,DEV0004060,DEV9004060
ACC00004061,BANK5,CITY1,DEV0004061,DEV9004061
ACC00004062,BANK6,CITY2,DEV0004062,DEV9004062
ACC00004063,BANK7,CITY3,DEV0004063,DEV9004063
ACC00004064,BANK0,CITY4,DEV0004064,DEV9004064
ACC00004065,BANK1,CITY5,DEV0004065,DEV9004065
ACC00004066,BANK2,CITY6,DEV0004066,DEV9004066
ACC00004067,BANK3,CITY7,DEV0004067,DEV9004067
ACC00004068,BANK4,CITY8,DEV0004068,DEV9004068
ACC00004069,BANK5,CITY9,DEV0004069,DEV9004069
ACC00004070,BANK6,CITY0,DEV0004070,DEV9004070
ACC00004071,BANK7,CITY1,DEV0004071,DEV9004071
ACC00004072,BANK0,CITY2,DEV0004072,DEV9004072
ACC00004073,BANK1,CITY3,DEV0004073,DEV9004073
ACC00004074,BANK2,CITY4,DEV0004074,DEV9004074
ACC00004075,BANK3,CITY5,DEV0004075,DEV9004075
ACC00004076,BANK4,CITY6,DEV0004076,DEV9004076
ACC00004077,BANK5,CITY7,DEV0004077,DEV9004077
ACC00004078,BANK6,CITY8,DEV0004078,DEV9004078
ACC00004079,BANK7,CITY9,DEV0004079,DEV9004079
ACC00004080,BANK0,CITY0,DEV0004080,DEV9004080
ACC00004081,BANK1,CITY1,DEV0004081,DEV9004081
ACC00004082,BANK2,CITY2,DEV0004082,DEV9004082
ACC00004083,BANK3,CITY3,DEV0004083,DEV9004083
ACC00004084,BANK4,CITY4,DEV0004084,DEV9004084
ACC00004085,BANK5,CITY5,DEV0004085,DEV9004085
ACC00004086,BANK6,CITY6,DEV0004086,DEV9004086
ACC00004087,BANK7,CITY7,DEV0004087,DEV9004087
ACC00004088,BANK0,CITY8,DEV0004088,DEV9004088
ACC00004089,BANK1,CITY9,DEV0004089,DEV9004089
ACC00004090,BANK2,CITY0,DEV0004090,DEV9004090
ACC00004091,BANK3,CITY1,DEV0004091,DEV9004091
ACC00004092,BANK4,CITY2,DEV0004092,DEV9004092
ACC00004093,BANK5,CITY3,DEV0004093,DEV9004093
ACC00004094,BANK6,CITY4,DEV0004094,DEV9004094
ACC00004095,BANK7,CITY5,DEV0004095,DEV9004095
ACC00004096,BANK0,CITY6,DEV0004096,DEV9004096
ACC00004097,BANK1,CITY7,DEV0004097,DEV9004097
ACC00004098,BANK2,CITY8,DEV0004098,DEV9004098
ACC00004099,BANK3,CITY9,DEV0004099,DEV9004099
ACC00004100,BANK4,CITY0,DEV0004100,DEV9004100
ACC00004101,BANK5,CITY1,DEV0004101,DEV9004101
ACC00004102,BANK6,CITY2,DEV0004102,DEV9004102
ACC00004103,BANK7,CITY3,DEV0004103,DEV9004103
ACC00004104,BANK0,CITY4,DEV0004104,DEV9004104
ACC00004105,BANK1,CITY5,DEV0004105,DEV9004105
ACC00004106,BANK2,CITY6,DEV0004106,DEV9004106
ACC00004107,BANK3,CITY7,DEV0004107,DEV9004107
ACC00004108,BANK4,CITY8,DEV0004108,DEV9004108
ACC00004109,BANK5,CITY9,DEV0004109,DEV9004109
ACC00004110,BANK6,CITY0,DEV0004110,DEV9004110
ACC00004111,BANK7,CITY1,DEV0004111,DEV9004111
ACC00004112,BANK0,CITY2,DEV0004112,DEV9004112
ACC00004113,BANK1,CITY3,DEV0004113,DEV9004113
ACC00004114,BANK2,CITY4,DEV0004114,DEV9004114
ACC00004115,BANK3,CITY5,DEV0004115,DEV9004115
ACC00004116,BANK4,CITY6,DEV0004116,DEV9004116
ACC00004117,BANK5,CITY7,DEV0004117,DEV9004117
ACC00004118,BANK6,CITY8,DEV0004118,DEV9004118
ACC00004119,BANK7,CITY9,DEV0004119,DEV9004119
ACC00004120,BANK0,CITY0,DEV0004120,DEV9004120
ACC00004121,BANK1,CITY1,DEV0004121,DEV9004121
ACC00004122,BANK2,CITY2,DEV0004122,DEV9004122
ACC00004123,BANK3,CITY3,DEV0004123,DEV9004123
ACC00004124,BANK4,CITY4,DEV0004124,DEV9004124
ACC00004125,BANK5,CITY5,DEV0004125,DEV9004125
ACC00004126,BANK6,CITY6,DEV0004126,DEV9004126
ACC00004127,BANK7,CITY7,DEV0004127,DEV9004127
ACC00004128,BANK0,CITY8,DEV0004128,DEV9004128
ACC00004129,BANK1,CITY9,DEV0004129,DEV9004129
ACC00004130,BANK2,CITY0,DEV0004130,DEV9004130
ACC00004131,BANK3,CITY1,DEV0004131,DEV9004131
ACC00004132,BANK4,CITY2,DEV0004132,DEV9004132
ACC00004133,BANK5,CITY3,DEV0004133,DEV9004133
ACC00004134,BANK6,CITY4,DEV0004134,DEV9004134
ACC00004135,BANK7,CITY5,DEV0004135,DEV9004135
ACC00004136,BANK0,CITY6,DEV0004136,DEV9004136
ACC00004137,BANK1,CITY7,DEV0004137,DEV9004137
ACC00004138,BANK2,CITY8,DEV0004138,DEV9004138
ACC00004139,BANK3,CITY9,DEV0004139,DEV9004139
ACC00004140,BANK4,CITY0,DEV0004140,DEV9004140
ACC00004141,BANK5,CITY1,DEV0004141,DEV9004141
ACC00004142,BANK6,CITY2,DEV0004142,DEV9004142
ACC00004143,BANK7,CITY3,DEV0004143,DEV9004143
ACC00004144,BANK0,CITY4,DEV0004144,DEV9004144
ACC00004145,BANK1,CITY5,DEV0004145,DEV9004145
ACC00004146,BANK2,CITY6,DEV0004146,DEV9004146
ACC00004147,BANK3,CITY7,DEV0004147,DEV9004147
ACC00004148,BANK4,CITY8,DEV0004148,DEV9004148
ACC00004149,BANK5,CITY9,DEV0004149,DEV9004149
ACC00004150,BANK6,CITY0,DEV0004150,DEV9004150
ACC00004151,BANK7,CITY1,DEV0004151,DEV9004151
ACC00004152,BANK0,CITY2,DEV0004152,DEV9004152
ACC00004153,BANK1,CITY3,DEV0004153,DEV9004153
ACC00004154,BANK2,CITY4,DEV0004154,DEV9004154
ACC00004155,BANK3,CITY5,DEV0004155,DEV9004155
ACC00004156,BANK4,CITY6,DEV0004156,DEV9004156
ACC00004157,BANK5,CITY7,DEV0004157,DEV9004157
ACC00004158,BANK6,CITY8,DEV0004158,DEV9004158
ACC00004159,BANK7,CITY9,DEV0004159,DEV9004159
ACC00004160,BANK0,CITY0,DEV0004160,DEV9004160
ACC00004161,BANK1,CITY1,DEV0004161,DEV9004161
ACC00004162,BANK2,CITY2,DEV0004162,DEV9004162
ACC00004163,BANK3,CITY3,DEV0004163,DEV9004163
ACC00004164,BANK4,CITY4,DEV0004164,DEV9004164
ACC00004165,BANK5,CITY5,DEV0004165,DEV9004165
ACC00004166,BANK6,CITY6,DEV0004166,DEV9004166
ACC00004167,BANK7,CITY7,DEV0004167,DEV9004167
ACC00004168,BANK0,CITY8,DEV0004168,DEV9004168
ACC00004169,BANK1,CITY9,DEV0004169,DEV9004169
ACC00004170,BANK2,CITY0,DEV0004170,DEV9004170
ACC00004171,BANK3,CITY1,DEV0004171,DEV9004171
ACC00004172,BANK4,CITY2,DEV0004172,DEV9004172
ACC00004173,BANK5,CITY3,DEV0004173,DEV9004173
ACC00004174,BANK6,CITY4,DEV0004174,DEV9004174
ACC00004175,BANK7,CITY5,DEV0004175,DEV9004175
ACC00004176,BANK0,CITY6,DEV0004176,DEV9004176
ACC00004177,BANK1,CITY7,DEV0004177,DEV9004177
ACC00004178,BANK2,CITY8,DEV0004178,DEV9004178
ACC00004179,BANK3,CITY9,DEV0004179,DEV9004179
ACC00004180,BANK4,CITY0,DEV0004180,DEV9004180
ACC00004181,BANK5,CITY1,DEV0004181,DEV9004181
ACC00004182,BANK6,CITY2,DEV0004182,DEV9004182
ACC00004183,BANK7,CITY3,DEV0004183,DEV9004183
ACC00004184,BANK0,CITY4,DEV0004184,DEV9004184
ACC00004185,BANK1,CITY5,DEV0004185,DEV9004185
ACC00004186,BANK2,CITY6,DEV0004186,DEV9004186
ACC00004187,BANK3,CITY7,DEV0004187,DEV9004187
ACC00004188,BANK4,CITY8,DEV0004188,DEV9004188
ACC00004189,BANK5,CITY9,DEV0004189,DEV9004189
ACC00004190,BANK6,CITY0,DEV0004190,DEV9004190
ACC00004191,BANK7,CITY1,DEV0004191,DEV9004191
ACC00004192,BANK0,CITY2,DEV0004192,DEV9004192
ACC00004193,BANK1,CITY3,DEV0004193,DEV9004193
ACC00004194,BANK2,CITY4,DEV0004194,DEV9004194
ACC00004195,BANK3,CITY5,DEV0004195,DEV9004195
ACC00004196,BANK4,CITY6,DEV0004196,DEV9004196
ACC00004197,BANK5,CITY7,DEV0004197,DEV9004197
ACC00004198,BANK6,CITY8,DEV0004198,DEV9004198
ACC00004199,BANK7,CITY9,DEV0004199,DEV9004199
ACC00004200,BANK0,CITY0,DEV0004200,DEV9004200
ACC00004201,BANK1,CITY1,DEV0004201,DEV9004201
ACC00004202,BANK2,CITY2,DEV0004202,DEV9004202
ACC00004203,BANK3,CITY3,DEV0004203,DEV9004203
ACC00004204,BANK4,CITY4,DEV0004204,DEV9004204
ACC00004205,BANK5,CITY5,DEV0004205,DEV9004205
ACC00004206,BANK6,CITY6,DEV0004206,DEV9004206
ACC00004207,BANK7,CITY7,DEV0004207,DEV9004207
ACC00004208,BANK0,CITY8,DEV0004208,DEV9004208
ACC00004209,BANK1,CITY9,DEV0004209,DEV9004209
ACC00004210,BANK2,CITY0,DEV0004210,DEV9004210
ACC00004211,BANK3,CITY1,DEV0004211,DEV9004211
ACC00004212,BANK4,CITY2,DEV0004212,DEV9004212
ACC00004213,BANK5,CITY3,DEV0004213,DEV9004213
ACC00004214,BANK6,CITY4,DEV0004214,DEV9004214
ACC00004215,BANK7,CITY5,DEV0004215,DEV9004215
ACC00004216,BANK0,CITY6,DEV0004216,DEV9004216
ACC00004217,BANK1,CITY7,DEV0004217,DEV9004217
ACC00004218,BANK2,CITY8,DEV0004218,DEV9004218
ACC00004219,BANK3,CITY9,DEV0004219,DEV9004219
ACC00004220,BANK4,CITY0,DEV0004220,DEV9004220
ACC00004221,BANK5,CITY1,DEV0004221,DEV9004221
ACC00004222,BANK6,CITY2,DEV0004222,DEV9004222
ACC00004223,BANK7,CITY3,DEV0004223,DEV9004223
ACC00004224,BANK0,CITY4,DEV0004224,DEV9004224
ACC00004225,BANK1,CITY5,DEV0004225,DEV9004225
ACC00004226,BANK2,CITY6,DEV0004226,DEV9004226
ACC00004227,BANK3,CITY7,DEV0004227,DEV9004227
ACC00004228,BANK4,CITY8,DEV0004228,DEV9004228
ACC00004229,BANK5,CITY9,DEV0004229,DEV9004229
ACC00004230,BANK6,CITY0,DEV0004230,DEV9004230
ACC00004231,BANK7,CITY1,DEV0004231,DEV9004231
ACC00004232,BANK0,CITY2,DEV0004232,DEV9004232
ACC00004233,BANK1,CITY3,DEV0004233,DEV9004233
ACC00004234,BANK2,CITY4,DEV0004234,DEV9004234
ACC00004235,BANK3,CITY5,DEV0004235,DEV9004235
ACC00004236,BANK4,CITY6,DEV0004236,DEV9004236
ACC00004237,BANK5,CITY7,DEV0004237,DEV9004237
ACC00004238,BANK6,CITY8,DEV0004238,DEV9004238
ACC00004239,BANK7,CITY9,DEV0004239,DEV9004239
ACC00004240,BANK0,CITY0,DEV0004240,DEV9004240
ACC00004241,BANK1,CITY1,DEV0004241,DEV9004241
ACC00004242,BANK2,CITY2,DEV0004242,DEV9004242
ACC00004243,BANK3,CITY3,DEV0004243,DEV9004243
ACC00004244,BANK4,CITY4,DEV0004244,DEV9004244
ACC00004245,BANK5,CITY5,DEV0004245,DEV9004245
ACC00004246,BANK6,CITY6,DEV0004246,DEV9004246
ACC00004247,BANK7,CITY7,DEV0004247,DEV9004247
ACC00004248,BANK0,CITY8,DEV0004248,DEV9004248
ACC00004249,BANK1,CITY9,DEV0004249,DEV9004249
ACC00004250,BANK2,CITY0,DEV0004250,DEV9004250
ACC00004251,BANK3,CITY1,DEV0004251,DEV9004251
ACC00004252,BANK4,CITY2,DEV0004252,DEV9004252
ACC00004253,BANK5,CITY3,DEV0004253,DEV9004253
ACC00004254,BANK6,CITY4,DEV0004254,DEV9004254
ACC00004255,BANK7,CITY5,DEV0004255,DEV9004255
ACC00004256,BANK0,CITY6,DEV0004256,DEV9004256
ACC00004257,BANK1,CITY7,DEV0004257,DEV9004257
ACC00004258,BANK2,CITY8,DEV0004258,DEV9004258
ACC00004259,BANK3,CITY9,DEV0004259,DEV9004259
ACC00004260,BANK4,CITY0,DEV0004260,DEV9004260
ACC00004261,BANK5,CITY1,DEV0004261,DEV9004261
ACC00004262,BANK6,CITY2,DEV0004262,DEV9004262
ACC00004263,BANK7,CITY3,DEV0004263,DEV9004263
ACC00004264,BANK0,CITY4,DEV0004264,DEV9004264
ACC00004265,BANK1,CITY5,DEV0004265,DEV9004265
ACC00004266,BANK2,CITY6,DEV0004266,DEV9004266
ACC00004267,BANK3,CITY7,DEV0004267,DEV9004267
ACC00004268,BANK4,CITY8,DEV0004268,DEV9004268
ACC00004269,BANK5,CITY9,DEV0004269,DEV9004269
ACC00004270,BANK6,CITY0,DEV0004270,DEV9004270
ACC00004271,BANK7,CITY1,DEV0004271,DEV9004271
ACC00004272,BANK0,CITY2,DEV0004272,DEV9004272
ACC00004273,BANK1,CITY3,DEV0004273,DEV9004273
ACC00004274,BANK2,CITY4,DEV0004274,DEV9004274
ACC00004275,BANK3,CITY5,DEV0004275,DEV9004275
ACC00004276,BANK4,CITY6,DEV0004276,DEV9004276
ACC00004277,BANK5,CITY7,DEV0004277,DEV9004277
ACC00004278,BANK6,CITY8,DEV0004278,DEV9004278
ACC00004279,BANK7,CITY9,DEV0004279,DEV9004279
ACC00004280,BANK0,CITY0,DEV0004280,DEV9004280
ACC00004281,BANK1,CITY1,DEV0004281,DEV9004281
ACC00004282,BANK2,CITY2,DEV0004282,DEV9004282
ACC00004283,BANK3,CITY3,DEV0004283,DEV9004283
ACC00004284,BANK4,CITY4,DEV0004284,DEV9004284
ACC00004285,BANK5,CITY5,DEV0004285,DEV9004285
ACC00004286,BANK6,CITY6,DEV0004286,DEV9004286
ACC00004287,BANK7,CITY7,DEV0004287,DEV9004287
ACC00004288,BANK0,CITY8,DEV0004288,DEV9004288
ACC00004289,BANK1,CITY9,DEV0004289,DEV9004289
ACC00004290,BANK2,CITY0,DEV0004290,DEV9004290
ACC00004291,BANK3,CITY1,DEV0004291,DEV9004291
ACC00004292,BANK4,CITY2,DEV0004292,DEV9004292
ACC00004293,BANK5,CITY3,DEV0004293,DEV9004293
ACC00004294,BANK6,CITY4,DEV0004294,DEV9004294
ACC00004295,BANK7,CITY5,DEV0004295,DEV9004295
ACC00004296,BANK0,CITY6,DEV0004296,DEV9004296
ACC00004297,BANK1,CITY7,DEV0004297,DEV9004297
ACC00004298,BANK2,CITY8,DEV0004298,DEV9004298
ACC00004299,BANK3,CITY9,DEV0004299,DEV9004299
ACC00004300,BANK4,CITY0,DEV0004300,DEV9004300
ACC00004301,BANK5,CITY1,DEV0004301,DEV9004301
ACC00004302,BANK6,CITY2,DEV0004302,DEV9004302
ACC00004303,BANK7,CITY3,DEV0004303,DEV9004303
ACC00004304,BANK0,CITY4,DEV0004304,DEV9004304
ACC00004305,BANK1,CITY5,DEV0004305,DEV9004305
ACC00004306,BANK2,CITY6,DEV0004306,DEV9004306
ACC00004307,BANK3,CITY7,DEV0004307,DEV9004307
ACC00004308,BANK4,CITY8,DEV0004308,DEV9004308
ACC00004309,BANK5,CITY9,DEV0004309,DEV9004309
ACC00004310,BANK6,CITY0,DEV0004310,DEV9004310
ACC00004311,BANK7,CITY1,DEV0004311,DEV9004311
ACC00004312,BANK0,CITY2,DEV0004312,DEV9004312
ACC00004313,BANK1,CITY3,DEV0004313,DEV9004313
ACC00004314,BANK2,CITY4,DEV0004314,DEV9004314
ACC00004315,BANK3,CITY5,DEV0004315,DEV9004315
ACC00004316,BANK4,CITY6,DEV0004316,DEV9004316
ACC00004317,BANK5,CITY7,DEV0004317,DEV9004317
ACC00004318,BANK6,CITY8,DEV0004318,DEV9004318
ACC00004319,BANK7,CITY9,DEV0004319,DEV9004319
ACC00004320,BANK0,CITY0,DEV0004320,DEV9004320
ACC00004321,BANK1,CITY1,DEV0004321,DEV9004321
ACC00004322,BANK2,CITY2,DEV0004322,DEV9004322
ACC00004323,BANK3,CITY3,DEV0004323,DEV9004323
ACC00004324,BANK4,CITY4,DEV0004324,DEV9004324
ACC00004325,BANK5,CITY5,DEV0004325,DEV9004325
ACC00004326,BANK6,CITY6,DEV0004326,DEV9004326
ACC00004327,BANK7,CITY7,DEV0004327,DEV9004327
ACC00004328,BANK0,CITY8,DEV0004328,DEV9004328
ACC00004329,BANK1,CITY9,DEV0004329,DEV9004329
ACC00004330,BANK2,CITY0,DEV0004330,DEV9004330
ACC00004331,BANK3,CITY1,DEV0004331,DEV9004331
ACC00004332,BANK4,CITY2,DEV0004332,DEV9004332
ACC00004333,BANK5,CITY3,DEV0004333,DEV9004333
ACC00004334,BANK6,CITY4,DEV0004334,DEV9004334
ACC00004335,BANK7,CITY5,DEV0004335,DEV9004335
ACC00004336,BANK0,CITY6,DEV0004336,DEV9004336
ACC00004337,BANK1,CITY7,DEV0004337,DEV9004337
ACC00004338,BANK2,CITY8,DEV0004338,DEV9004338
ACC00004339,BANK3,CITY9,DEV0004339,DEV9004339
ACC00004340,BANK4,CITY0,DEV0004340,DEV9004340
ACC00004341,BANK5,CITY1,DEV0004341,DEV9004341
ACC00004342,BANK6,CITY2,DEV0004342,DEV9004342
ACC00004343,BANK7,CITY3,DEV0004343,DEV9004343
ACC00004344,BANK0,CITY4,DEV0004344,DEV9004344
ACC00004345,BANK1,CITY5,DEV0004345,DEV9004345
ACC00004346,BANK2,CITY6,DEV0004346,DEV9004346
ACC00004347,BANK3,CITY7,DEV0004347,DEV9004347
ACC00004348,BANK4,CITY8,DEV0004348,DEV9004348
ACC00004349,BANK5,CITY9,DEV0004349,DEV9004349
ACC00004350,BANK6,CITY0,DEV0004350,DEV9004350
ACC00004351,BANK7,CITY1,DEV0004351,DEV9004351
ACC00004352,BANK0,CITY2,DEV0004352,DEV9004352
ACC00004353,BANK1,CITY3,DEV0004353,DEV9004353
ACC00004354,BANK2,CITY4,DEV0004354,DEV9004354
ACC00004355,BANK3,CITY5,DEV0004355,DEV9004355
ACC00004356,BANK4,CITY6,DEV0004356,DEV9004356
ACC00004357,BANK5,CITY7,DEV0004357,DEV9004357
ACC00004358,BANK6,CITY8,DEV0004358,DEV9004358
ACC00004359,BANK7,CITY9,DEV0004359,DEV9004359
ACC00004360,BANK0,CITY0,DEV0004360,DEV9004360
ACC00004361,BANK1,CITY1,DEV0004361,DEV9004361
ACC00004362,BANK2,CITY2,DEV0004362,DEV9004362
ACC00004363,BANK3,CITY3,DEV0004363,DEV9004363
ACC00004364,BANK4,CITY4,DEV0004364,DEV9004364
ACC00004365,BANK5,CITY5,DEV0004365,DEV9004365
ACC00004366,BANK6,CITY6,DEV0004366,DEV9004366
ACC00004367,BANK7,CITY7,DEV0004367,DEV9004367
ACC00004368,BANK0,CITY8,DEV0004368,DEV9004368
ACC00004369,BANK1,CITY9,DEV0004369,DEV9004369
ACC00004370,BANK2,CITY0,DEV0004370,DEV9004370
ACC00004371,BANK3,CITY1,DEV0004371,DEV9004371
ACC00004372,BANK4,CITY2,DEV0004372,DEV9004372
ACC00004373,BANK5,CITY3,DEV0004373,DEV9004373
ACC00004374,BANK6,CITY4,DEV0004374,DEV9004374
ACC00004375,BANK7,CITY5,DEV0004375,DEV9004375
ACC00004376,BANK0,CITY6,DEV0004376,DEV9004376
ACC00004377,BANK1,CITY7,DEV0004377,DEV9004377
ACC00004378,BANK2,CITY8,DEV0004378,DEV9004378
ACC00004379,BANK3,CITY9,DEV0004379,DEV9004379
ACC00004380,BANK4,CITY0,DEV0004380,DEV9004380
ACC00004381,BANK5,CITY1,DEV0004381,DEV9004381
ACC00004382,BANK6,CITY2,DEV0004382,DEV9004382
ACC00004383,BANK7,CITY3,DEV0004383,DEV9004383
ACC00004384,BANK0,CITY4,DEV0004384,DEV9004384
ACC00004385,BANK1,CITY5,DEV0004385,DEV9004385
ACC00004386,BANK2,CITY6,DEV0004386,DEV9004386
ACC00004387,BANK3,CITY7,DEV0004387,DEV9004387
ACC00004388,BANK4,CITY8,DEV0004388,DEV9004388
ACC00004389,BANK5,CITY9,DEV0004389,DEV9004389
ACC00004390,BANK6,CITY0,DEV0004390,DEV9004390
ACC00004391,BANK7,CITY1,DEV0004391,DEV9004391
ACC00004392,BANK0,CITY2,DEV0004392,DEV9004392
ACC00004393,BANK1,CITY3,DEV0004393,DEV9004393
ACC00004394,BANK2,CITY4,DEV0004394,DEV9004394
ACC00004395,BANK3,CITY5,DEV0004395,DEV9004395
ACC00004396,BANK4,CITY6,DEV0004396,DEV9004396
ACC00004397,BANK5,CITY7,DEV0004397,DEV9004397
ACC00004398,BANK6,CITY8,DEV0004398,DEV9004398
ACC00004399,BANK7,CITY9,DEV0004399,DEV9004399
ACC00004400,BANK0,CITY0,DEV0004400,DEV9004400
ACC00004401,BANK1,CITY1,DEV0004401,DEV9004401
ACC00004402,BANK2,CITY2,DEV0004402,DEV9004402
ACC00004403,BANK3,CITY3,DEV0004403,DEV9004403
ACC00004404,BANK4,CITY4,DEV0004404,DEV9004404
ACC00004405,BANK5,CITY5,DEV0004405,DEV9004405
ACC00004406,BANK6,CITY6,DEV0004406,DEV9004406
ACC00004407,BANK7,CITY7,DEV0004407,DEV9004407
ACC00004408,BANK0,CITY8,DEV0004408,DEV9004408
ACC00004409,BANK1,CITY9,DEV0004409,DEV9004409
ACC00004410,BANK2,CITY0,DEV0004410,DEV9004410
ACC00004411,BANK3,CITY1,DEV0004411,DEV9004411
ACC00004412,BANK4,CITY2,DEV0004412,DEV9004412
ACC00004413,BANK5,CITY3,DEV0004413,DEV9004413
ACC00004414,BANK6,CITY4,DEV0004414,DEV9004414
ACC00004415,BANK7,CITY5,DEV0004415,DEV9004415
ACC00004416,BANK0,CITY6,DEV0004416,DEV9004416
ACC00004417,BANK1,CITY7,DEV0004417,DEV9004417
ACC00004418,BANK2,CITY8,DEV0004418,DEV9004418
ACC00004419,BANK3,CITY9,DEV0004419,DEV9004419
ACC00004420,BANK4,CITY0,DEV0004420,DEV9004420
ACC00004421,BANK5,CITY1,DEV0004421,DEV9004421
ACC00004422,BANK6,CITY2,DEV0004422,DEV9004422
ACC00004423,BANK7,CITY3,DEV0004423,DEV9004423
ACC00004424,BANK0,CITY4,DEV0004424,DEV9004424
ACC00004425,BANK1,CITY5,DEV0004425,DEV9004425
ACC00004426,BANK2,CITY6,DEV0004426,DEV9004426
ACC00004427,BANK3,CITY7,DEV0004427,DEV9004427
ACC00004428,BANK4,CITY8,DEV0004428,DEV9004428
ACC00004429,BANK5,CITY9,DEV0004429,DEV9004429
ACC00004430,BANK6,CITY0,DEV0004430,DEV9004430
ACC00004431,BANK7,CITY1,DEV0004431,DEV9004431
ACC00004432,BANK0,CITY2,DEV0004432,DEV9004432
ACC00004433,BANK1,CITY3,DEV0004433,DEV9004433
ACC00004434,BANK2,CITY4,DEV0004434,DEV9004434
ACC00004435,BANK3,CITY5,DEV0004435,DEV9004435
ACC00004436,BANK4,CITY6,DEV0004436,DEV9004436
ACC00004437,BANK5,CITY7,DEV0004437,DEV9004437
ACC00004438,BANK6,CITY8,DEV0004438,DEV9004438
ACC00004439,BANK7,CITY9,DEV0004439,DEV9004439
ACC00004440,BANK0,CITY0,DEV0004440,DEV9004440
ACC00004441,BANK1,CITY1,DEV0004441,DEV9004441
ACC00004442,BANK2,CITY2,DEV0004442,DEV9004442
ACC00004443,BANK3,CITY3,DEV0004443,DEV9004443
ACC00004444,BANK4,CITY4,DEV0004444,DEV9004444
ACC00004445,BANK5,CITY5,DEV0004445,DEV9004445
ACC00004446,BANK6,CITY6,DEV0004446,DEV9004446
ACC00004447,BANK7,CITY7,DEV0004447,DEV9004447
ACC00004448,BANK0,CITY8,DEV0004448,DEV9004448
ACC00004449,BANK1,CITY9,DEV0004449,DEV9004449
ACC00004450,BANK2,CITY0,DEV0004450,DEV9004450
ACC00004451,BANK3,CITY1,DEV0004451,DEV9004451
ACC00004452,BANK4,CITY2,DEV0004452,DEV9004452
ACC00004453,BANK5,CITY3,DEV0004453,DEV9004453
ACC00004454,BANK6,CITY4,DEV0004454,DEV9004454
ACC00004455,BANK7,CITY5,DEV0004455,DEV9004455
ACC00004456,BANK0,CITY6,DEV0004456,DEV9004456
ACC00004457,BANK1,CITY7,DEV0004457,DEV9004457
ACC00004458,BANK2,CITY8,DEV0004458,DEV9004458
ACC00004459,BANK3,CITY9,DEV0004459,DEV9004459
ACC00004460,BANK4,CITY0,DEV0004460,DEV9004460
ACC00004461,BANK5,CITY1,DEV0004461,DEV9004461
ACC00004462,BANK6,CITY2,DEV0004462,DEV9004462
ACC00004463,BANK7,CITY3,DEV0004463,DEV9004463
ACC00004464,BANK0,CITY4,DEV0004464,DEV9004464
ACC00004465,BANK1,CITY5,DEV0004465,DEV9004465
ACC00004466,BANK2,CITY6,DEV0004466,DEV9004466
ACC00004467,BANK3,CITY7,DEV0004467,DEV9004467
ACC00004468,BANK4,CITY8,DEV0004468,DEV9004468
ACC00004469,BANK5,CITY9,DEV0004469,DEV9004469
ACC00004470,BANK6,CITY0,DEV0004470,DEV9004470
ACC00004471,BANK7,CITY1,DEV0004471,DEV9004471
ACC00004472,BANK0,CITY2,DEV0004472,DEV9004472
ACC00004473,BANK1,CITY3,DEV0004473,DEV9004473
ACC00004474,BANK2,CITY4,DEV0004474,DEV9004474
ACC00004475,BANK3,CITY5,DEV0004475,DEV9004475
ACC00004476,BANK4,CITY6,DEV0004476,DEV9004476
ACC00004477,BANK5,CITY7,DEV0004477,DEV9004477
ACC00004478,BANK6,CITY8,DEV0004478,DEV9004478
ACC00004479,BANK7,CITY9,DEV0004479,DEV9004479
ACC00004480,BANK0,CITY0,DEV0004480,DEV9004480
ACC00004481,BANK1,CITY1,DEV0004481,DEV9004481
ACC00004482,BANK2,CITY2,DEV0004482,DEV9004482
ACC00004483,BANK3,CITY3,DEV0004483,DEV9004483
ACC00004484,BANK4,CITY4,DEV0004484,DEV9004484
ACC00004485,BANK5,CITY5,DEV0004485,DEV9004485
ACC00004486,BANK6,CITY6,DEV0004486,DEV9004486
ACC00004487,BANK7,CITY7,DEV0004487,DEV9004487
ACC00004488,BANK0,CITY8,DEV0004488,DEV9004488
ACC00004489,BANK1,CITY9,DEV0004489,DEV9004489
ACC00004490,BANK2,CITY0,DEV0004490,DEV9004490
ACC00004491,BANK3,CITY1,DEV0004491,DEV9004491
ACC00004492,BANK4,CITY2,DEV0004492,DEV9004492
ACC00004493,BANK5,CITY3,DEV0004493,DEV9004493
ACC00004494,BANK6,CITY4,DEV0004494,DEV9004494
ACC00004495,BANK7,CITY5,DEV0004495,DEV9004495
ACC00004496,BANK0,CITY6,DEV0004496,DEV9004496
ACC00004497,BANK1,CITY7,DEV0004497,DEV9004497
ACC00004498,BANK2,CITY8,DEV0004498,DEV9004498
ACC00004499,BANK3,CITY9,DEV0004499,DEV9004499
ACC00004500,BANK4,CITY0,DEV0004500,DEV9004500
ACC00004501,BANK5,CITY1,DEV0004501,DEV9004501
ACC00004502,BANK6,CITY2,DEV0004502,DEV9004502
ACC00004503,BANK7,CITY3,DEV0004503,DEV9004503
ACC00004504,BANK0,CITY4,DEV0004504,DEV9004504
ACC00004505,BANK1,CITY5,DEV0004505,DEV9004505
ACC00004506,BANK2,CITY6,DEV0004506,DEV9004506
ACC00004507,BANK3,CITY7,DEV0004507,DEV9004507
ACC00004508,BANK4,CITY8,DEV0004508,DEV9004508
ACC00004509,BANK5,CITY9,DEV0004509,DEV9004509
ACC00004510,BANK6,CITY0,DEV0004510,DEV9004510
ACC00004511,BANK7,CITY1,DEV0004511,DEV9004511
ACC00004512,BANK0,CITY2,DEV0004512,DEV9004512
ACC00004513,BANK1,CITY3,DEV0004513,DEV9004513
ACC00004514,BANK2,CITY4,DEV0004514,DEV9004514
ACC00004515,BANK3,CITY5,DEV0004515,DEV9004515
ACC00004516,BANK4,CITY6,DEV0004516,DEV9004516
ACC00004517,BANK5,CITY7,DEV0004517,DEV9004517
ACC00004518,BANK6,CITY8,DEV0004518,DEV9004518
ACC00004519,BANK7,CITY9,DEV0004519,DEV9004519
ACC00004520,BANK0,CITY0,DEV0004520,DEV9004520
ACC00004521,BANK1,CITY1,DEV0004521,DEV9004521
ACC00004522,BANK2,CITY2,DEV0004522,DEV9004522
ACC00004523,BANK3,CITY3,DEV0004523,DEV9004523
ACC00004524,BANK4,CITY4,DEV0004524,DEV9004524
ACC00004525,BANK5,CITY5,DEV0004525,DEV9004525
ACC00004526,BANK6,CITY6,DEV0004526,DEV9004526
ACC00004527,BANK7,CITY7,DEV0004527,DEV9004527
ACC00004528,BANK0,CITY8,DEV0004528,DEV9004528
ACC00004529,BANK1,CITY9,DEV0004529,DEV9004529
ACC00004530,BANK2,CITY0,DEV0004530,DEV9004530
ACC00004531,BANK3,CITY1,DEV0004531,DEV9004531
ACC00004532,BANK4,CITY2,DEV0004532,DEV9004532
ACC00004533,BANK5,CITY3,DEV0004533,DEV9004533
ACC00004534,BANK6,CITY4,DEV0004534,DEV9004534
ACC00004535,BANK7,CITY5,DEV0004535,DEV9004535
ACC00004536,BANK0,CITY6,DEV0004536,DEV9004536
ACC00004537,BANK1,CITY7,DEV0004537,DEV9004537
ACC00004538,BANK2,CITY8,DEV0004538,DEV9004538
ACC00004539,BANK3,CITY9,DEV0004539,DEV9004539
ACC00004540,BANK4,CITY0,DEV0004540,DEV9004540
ACC00004541,BANK5,CITY1,DEV0004541,DEV9004541
ACC00004542,BANK6,CITY2,DEV0004542,DEV9004542
ACC00004543,BANK7,CITY3,DEV0004543,DEV9004543
ACC00004544,BANK0,CITY4,DEV0004544,DEV9004544
ACC00004545,BANK1,CITY5,DEV0004545,DEV9004545
ACC00004546,BANK2,CITY6,DEV0004546,DEV9004546
ACC00004547,BANK3,CITY7,DEV0004547,DEV9004547
ACC00004548,BANK4,CITY8,DEV0004548,DEV9004548
ACC00004549,BANK5,CITY9,DEV0004549,DEV9004549
ACC00004550,BANK6,CITY0,DEV0004550,DEV9004550
ACC00004551,BANK7,CITY1,DEV0004551,DEV9004551
ACC00004552,BANK0,CITY2,DEV0004552,DEV9004552
ACC00004553,BANK1,CITY3,DEV0004553,DEV9004553
ACC00004554,BANK2,CITY4,DEV0004554,DEV9004554
ACC00004555,BANK3,CITY5,DEV0004555,DEV9004555
ACC00004556,BANK4,CITY6,DEV0004556,DEV9004556
ACC00004557,BANK5,CITY7,DEV0004557,DEV9004557
ACC00004558,BANK6,CITY8,DEV0004558,DEV9004558
ACC00004559,BANK7,CITY9,DEV0004559,DEV9004559
ACC00004560,BANK0,CITY0,DEV0004560,DEV9004560
ACC00004561,BANK1,CITY1,DEV0004561,DEV9004561
ACC00004562,BANK2,CITY2,DEV0004562,DEV9004562
ACC00004563,BANK3,CITY3,DEV0004563,DEV9004563
ACC00004564,BANK4,CITY4,DEV0004564,DEV9004564
ACC00004565,BANK5,CITY5,DEV0004565,DEV9004565
ACC00004566,BANK6,CITY6,DEV0004566,DEV9004566
ACC00004567,BANK7,CITY7,DEV0004567,DEV9004567
ACC00004568,BANK0,CITY8,DEV0004568,DEV9004568
ACC00004569,BANK1,CITY9,DEV0004569,DEV9004569
ACC00004570,BANK2,CITY0,DEV0004570,DEV9004570
ACC00004571,BANK3,CITY1,DEV0004571,DEV9004571
ACC00004572,BANK4,CITY2,DEV0004572,DEV9004572
ACC00004573,BANK5,CITY3,DEV0004573,DEV9004573
ACC00004574,BANK6,CITY4,DEV0004574,DEV9004574
ACC00004575,BANK7,CITY5,DEV0004575,DEV9004575
ACC00004576,BANK0,CITY6,DEV0004576,DEV9004576
ACC00004577,BANK1,CITY7,DEV0004577,DEV9004577
ACC00004578,BANK2,CITY8,DEV0004578,DEV9004578
ACC00004579,BANK3,CITY9,DEV0004579,DEV9004579
ACC00004580,BANK4,CITY0,DEV0004580,DEV9004580
ACC00004581,BANK5,CITY1,DEV0004581,DEV9004581
ACC00004582,BANK6,CITY2,DEV0004582,DEV9004582
ACC00004583,BANK7,CITY3,DEV0004583,DEV9004583
ACC00004584,BANK0,CITY4,DEV0004584,DEV9004584
ACC00004585,BANK1,CITY5,DEV0004585,DEV9004585
ACC00004586,BANK2,CITY6,DEV0004586,DEV9004586
ACC00004587,BANK3,CITY7,DEV0004587,DEV9004587
ACC00004588,BANK4,CITY8,DEV0004588,DEV9004588
ACC00004589,BANK5,CITY9,DEV0004589,DEV9004589
ACC00004590,BANK6,CITY0,DEV0004590,DEV9004590
ACC00004591,BANK7,CITY1,DEV0004591,DEV9004591
ACC00004592,BANK0,CITY2,DEV0004592,DEV9004592
ACC00004593,BANK1,CITY3,DEV0004593,DEV9004593
ACC00004594,BANK2,CITY4,DEV0004594,DEV9004594
ACC00004595,BANK3,CITY5,DEV0004595,DEV9004595
ACC00004596,BANK4,CITY6,DEV0004596,DEV9004596
ACC00004597,BANK5,CITY7,DEV0004597,DEV9004597
ACC00004598,BANK6,CITY8,DEV0004598,DEV9004598
ACC00004599,BANK7,CITY9,DEV0004599,DEV9004599
ACC00004600,BANK0,CITY0,DEV0004600,DEV9004600
ACC00004601,BANK1,CITY1,DEV0004601,DEV9004601
ACC00004602,BANK2,CITY2,DEV0004602,DEV9004602
ACC00004603,BANK3,CITY3,DEV0004603,DEV9004603
ACC00004604,BANK4,CITY4,DEV0004604,DEV9004604
ACC00004605,BANK5,CITY5,DEV0004605,DEV9004605
ACC00004606,BANK6,CITY6,DEV0004606,DEV9004606
ACC00004607,BANK7,CITY7,DEV0004607,DEV9004607
ACC00004608,BANK0,CITY8,DEV0004608,DEV9004608
ACC00004609,BANK1,CITY9,DEV0004609,DEV9004609
ACC00004610,BANK2,CITY0,DEV0004610,DEV9004610
ACC00004611,BANK3,CITY1,DEV0004611,DEV9004611
ACC00004612,BANK4,CITY2,DEV0004612,DEV9004612
ACC00004613,BANK5,CITY3,DEV0004613,DEV9004613
ACC00004614,BANK6,CITY4,DEV0004614,DEV9004614
ACC00004615,BANK7,CITY5,DEV0004615,DEV9004615
ACC00004616,BANK0,CITY6,DEV0004616,DEV9004616
ACC00004617,BANK1,CITY7,DEV0004617,DEV9004617
ACC00004618,BANK2,CITY8,DEV0004618,DEV9004618
ACC00004619,BANK3,CITY9,DEV0004619,DEV9004619
ACC00004620,BANK4,CITY0,DEV0004620,DEV9004620
ACC00004621,BANK5,CITY1,DEV0004621,DEV9004621
ACC00004622,BANK6,CITY2,DEV0004622,DEV9004622
ACC00004623,BANK7,CITY3,DEV0004623,DEV9004623
ACC00004624,BANK0,CITY4,DEV0004624,DEV9004624
ACC00004625,BANK1,CITY5,DEV0004625,DEV9004625
ACC00004626,BANK2,CITY6,DEV0004626,DEV9004626
ACC00004627,BANK3,CITY7,DEV0004627,DEV9004627
ACC00004628,BANK4,CITY8,DEV0004628,DEV9004628
ACC00004629,BANK5,CITY9,DEV0004629,DEV9004629
ACC00004630,BANK6,CITY0,DEV0004630,DEV9004630
ACC00004631,BANK7,CITY1,DEV0004631,DEV9004631
ACC00004632,BANK0,CITY2,DEV0004632,DEV9004632
ACC00004633,BANK1,CITY3,DEV0004633,DEV9004633
ACC00004634,BANK2,CITY4,DEV0004634,DEV9004634
ACC00004635,BANK3,CITY5,DEV0004635,DEV9004635
ACC00004636,BANK4,CITY6,DEV0004636,DEV9004636
ACC00004637,BANK5,CITY7,DEV0004637,DEV9004637
ACC00004638,BANK6,CITY8,DEV0004638,DEV9004638
ACC00004639,BANK7,CITY9,DEV0004639,DEV9004639
ACC00004640,BANK0,CITY0,DEV0004640,DEV9004640
ACC00004641,BANK1,CITY1,DEV0004641,DEV9004641
ACC00004642,BANK2,CITY2,DEV0004642,DEV9004642
ACC00004643,BANK3,CITY3,DEV0004643,DEV9004643
ACC00004644,BANK4,CITY4,DEV0004644,DEV9004644
ACC00004645,BANK5,CITY5,DEV0004645,DEV9004645
ACC00004646,BANK6,CITY6,DEV0004646,DEV9004646
ACC00004647,BANK7,CITY7,DEV0004647,DEV9004647
ACC00004648,BANK0,CITY8,DEV0004648,DEV9004648
ACC00004649,BANK1,CITY9,DEV0004649,DEV9004649
ACC00004650,BANK2,CITY0,DEV0004650,DEV9004650
ACC00004651,BANK3,CITY1,DEV0004651,DEV9004651
ACC00004652,BANK4,CITY2,DEV0004652,DEV9004652
ACC00004653,BANK5,CITY3,DEV0004653,DEV9004653
ACC00004654,BANK6,CITY4,DEV0004654,DEV9004654
ACC00004655,BANK7,CITY5,DEV0004655,DEV9004655
ACC00004656,BANK0,CITY6,DEV0004656,DEV9004656
ACC00004657,BANK1,CITY7,DEV0004657,DEV9004657
ACC00004658,BANK2,CITY8,DEV0004658,DEV9004658
ACC00004659,BANK3,CITY9,DEV0004659,DEV9004659
ACC00004660,BANK4,CITY0,DEV0004660,DEV9004660
ACC00004661,BANK5,CITY1,DEV0004661,DEV9004661
ACC00004662,BANK6,CITY2,DEV0004662,DEV9004662
ACC00004663,BANK7,CITY3,DEV0004663,DEV9004663
ACC00004664,BANK0,CITY4,DEV0004664,DEV9004664
ACC00004665,BANK1,CITY5,DEV0004665,DEV9004665
ACC00004666,BANK2,CITY6,DEV0004666,DEV9004666
ACC00004667,BANK3,CITY7,DEV0004667,DEV9004667
ACC00004668,BANK4,CITY8,DEV0004668,DEV9004668
ACC00004669,BANK5,CITY9,DEV0004669,DEV9004669
ACC00004670,BANK6,CITY0,DEV0004670,DEV9004670
ACC00004671,BANK7,CITY1,DEV0004671,DEV9004671
ACC00004672,BANK0,CITY2,DEV0004672,DEV9004672
ACC00004673,BANK1,CITY3,DEV0004673,DEV9004673
ACC00004674,BANK2,CITY4,DEV0004674,DEV9004674
ACC00004675,BANK3,CITY5,DEV0004675,DEV9004675
ACC00004676,BANK4,CITY6,DEV0004676,DEV9004676
ACC00004677,BANK5,CITY7,DEV0004677,DEV9004677
ACC00004678,BANK6,CITY8,DEV0004678,DEV9004678
ACC00004679,BANK7,CITY9,DEV0004679,DEV9004679
ACC00004680,BANK0,CITY0,DEV0004680,DEV9004680
ACC00004681,BANK1,CITY1,DEV0004681,DEV9004681
ACC00004682,BANK2,CITY2,DEV0004682,DEV9004682
ACC00004683,BANK3,CITY3,DEV0004683,DEV9004683
ACC00004684,BANK4,CITY4,DEV0004684,DEV9004684
ACC00004685,BANK5,CITY5,DEV0004685,DEV9004685
ACC00004686,BANK6,CITY6,DEV0004686,DEV9004686
ACC00004687,BANK7,CITY7,DEV0004687,DEV9004687
ACC00004688,BANK0,CITY8,DEV0004688,DEV9004688
ACC00004689,BANK1,CITY9,DEV0004689,DEV9004689
ACC00004690,BANK2,CITY0,DEV0004690,DEV9004690
ACC00004691,BANK3,CITY1,DEV0004691,DEV9004691
ACC00004692,BANK4,CITY2,DEV0004692,DEV9004692
ACC00004693,BANK5,CITY3,DEV0004693,DEV9004693
ACC00004694,BANK6,CITY4,DEV0004694,DEV9004694
ACC00004695,BANK7,CITY5,DEV0004695,DEV9004695
ACC00004696,BANK0,CITY6,DEV0004696,DEV9004696
ACC00004697,BANK1,CITY7,DEV0004697,DEV9004697
ACC00004698,BANK2,CITY8,DEV0004698,DEV9004698
ACC00004699,BANK3,CITY9,DEV0004699,DEV9004699
ACC00004700,BANK4,CITY0,DEV0004700,DEV9004700
ACC00004701,BANK5,CITY1,DEV0004701,DEV9004701
ACC00004702,BANK6,CITY2,DEV0004702,DEV9004702
ACC00004703,BANK7,CITY3,DEV0004703,DEV9004703
ACC00004704,BANK0,CITY4,DEV0004704,DEV9004704
ACC00004705,BANK1,CITY5,DEV0004705,DEV9004705
ACC00004706,BANK2,CITY6,DEV0004706,DEV9004706
ACC00004707,BANK3,CITY7,DEV0004707,DEV9004707
ACC00004708,BANK4,CITY8,DEV0004708,DEV9004708
ACC00004709,BANK5,CITY9,DEV0004709,DEV9004709
ACC00004710,BANK6,CITY0,DEV0004710,DEV9004710
ACC00004711,BANK7,CITY1,DEV0004711,DEV9004711
ACC00004712,BANK0,CITY2,DEV0004712,DEV9004712
ACC00004713,BANK1,CITY3,DEV0004713,DEV9004713
ACC00004714,BANK2,CITY4,DEV0004714,DEV9004714
ACC00004715,BANK3,CITY5,DEV0004715,DEV9004715
ACC00004716,BANK4,CITY6,DEV0004716,DEV9004716
ACC00004717,BANK5,CITY7,DEV0004717,DEV9004717
ACC00004718,BANK6,CITY8,DEV0004718,DEV9004718
ACC00004719,BANK7,CITY9,DEV0004719,DEV9004719
ACC00004720,BANK0,CITY0,DEV0004720,DEV9004720
ACC00004721,BANK1,CITY1,DEV0004721,DEV9004721
ACC00004722,BANK2,CITY2,DEV0004722,DEV9004722
ACC00004723,BANK3,CITY3,DEV0004723,DEV9004723
ACC00004724,BANK4,CITY4,DEV0004724,DEV9004724
ACC00004725,BANK5,CITY5,DEV0004725,DEV9004725
ACC00004726,BANK6,CITY6,DEV0004726,DEV9004726
ACC00004727,BANK7,CITY7,DEV0004727,DEV9004727
ACC00004728,BANK0,CITY8,DEV0004728,DEV9004728
ACC00004729,BANK1,CITY9,DEV0004729,DEV9004729
ACC00004730,BANK2,CITY0,DEV0004730,DEV9004730
ACC00004731,BANK3,CITY1,DEV0004731,DEV9004731
ACC00004732,BANK4,CITY2,DEV0004732,DEV9004732
ACC00004733,BANK5,CITY3,DEV0004733,DEV9004733
ACC00004734,BANK6,CITY4,DEV0004734,DEV9004734
ACC00004735,BANK7,CITY5,DEV0004735,DEV9004735
ACC00004736,BANK0,CITY6,DEV0004736,DEV9004736
ACC00004737,BANK1,CITY7,DEV0004737,DEV9004737
ACC00004738,BANK2,CITY8,DEV0004738,DEV9004738
ACC00004739,BANK3,CITY9,DEV0004739,DEV9004739
ACC00004740,BANK4,CITY0,DEV0004740,DEV9004740
ACC00004741,BANK5,CITY1,DEV0004741,DEV9004741
ACC00004742,BANK6,CITY2,DEV0004742,DEV9004742
ACC00004743,BANK7,CITY3,DEV0004743,DEV9004743
ACC00004744,BANK0,CITY4,DEV0004744,DEV9004744
ACC00004745,BANK1,CITY5,DEV0004745,DEV9004745
ACC00004746,BANK2,CITY6,DEV0004746,DEV9004746
ACC00004747,BANK3,CITY7,DEV0004747,DEV9004747
ACC00004748,BANK4,CITY8,DEV0004748,DEV9004748
ACC00004749,BANK5,CITY9,DEV0004749,DEV9004749
ACC00004750,BANK6,CITY0,DEV0004750,DEV9004750
ACC00004751,BANK7,CITY1,DEV0004751,DEV9004751
ACC00004752,BANK0,CITY2,DEV0004752,DEV9004752
ACC00004753,BANK1,CITY3,DEV0004753,DEV9004753
ACC00004754,BANK2,CITY4,DEV0004754,DEV9004754
ACC00004755,BANK3,CITY5,DEV0004755,DEV9004755
ACC00004756,BANK4,CITY6,DEV0004756,DEV9004756
ACC00004757,BANK5,CITY7,DEV0004757,DEV9004757
ACC00004758,BANK6,CITY8,DEV0004758,DEV9004758
ACC00004759,BANK7,CITY9,DEV0004759,DEV9004759
ACC00004760,BANK0,CITY0,DEV0004760,DEV9004760
ACC00004761,BANK1,CITY1,DEV0004761,DEV9004761
ACC00004762,BANK2,CITY2,DEV0004762,DEV9004762
ACC00004763,BANK3,CITY3,DEV0004763,DEV9004763
ACC00004764,BANK4,CITY4,DEV0004764,DEV9004764
ACC00004765,BANK5,CITY5,DEV0004765,DEV9004765
ACC00004766,BANK6,CITY6,DEV0004766,DEV9004766
ACC00004767,BANK7,CITY7,DEV0004767,DEV9004767
ACC00004768,BANK0,CITY8,DEV0004768,DEV9004768
ACC00004769,BANK1,CITY9,DEV0004769,DEV9004769
ACC00004770,BANK2,CITY0,DEV0004770,DEV9004770
ACC00004771,BANK3,CITY1,DEV0004771,DEV9004771
ACC00004772,BANK4,CITY2,DEV0004772,DEV9004772
ACC00004773,BANK5,CITY3,DEV0004773,DEV9004773
ACC00004774,BANK6,CITY4,DEV0004774,DEV9004774
ACC00004775,BANK7,CITY5,DEV0004775,DEV9004775
ACC00004776,BANK0,CITY6,DEV0004776,DEV9004776
ACC00004777,BANK1,CITY7,DEV0004777,DEV9004777
ACC00004778,BANK2,CITY8,DEV0004778,DEV9004778
ACC00004779,BANK3,CITY9,DEV0004779,DEV9004779
ACC00004780,BANK4,CITY0,DEV0004780,DEV9004780
ACC00004781,BANK5,CITY1,DEV0004781,DEV9004781
ACC00004782,BANK6,CITY2,DEV0004782,DEV9004782
ACC00004783,BANK7,CITY3,DEV0004783,DEV9004783
ACC00004784,BANK0,CITY4,DEV0004784,DEV9004784
ACC00004785,BANK1,CITY5,DEV0004785,DEV9004785
ACC00004786,BANK2,CITY6,DEV0004786,DEV9004786
ACC00004787,BANK3,CITY7,DEV0004787,DEV9004787
ACC00004788,BANK4,CITY8,DEV0004788,DEV9004788
ACC00004789,BANK5,CITY9,DEV0004789,DEV9004789
ACC00004790,BANK6,CITY0,DEV0004790,DEV9004790
ACC00004791,BANK7,CITY1,DEV0004791,DEV9004791
ACC00004792,BANK0,CITY2,DEV0004792,DEV9004792
ACC00004793,BANK1,CITY3,DEV0004793,DEV9004793
ACC00004794,BANK2,CITY4,DEV0004794,DEV9004794
ACC00004795,BANK3,CITY5,DEV0004795,DEV9004795
ACC00004796,BANK4,CITY6,DEV0004796,DEV9004796
ACC00004797,BANK5,CITY7,DEV0004797,DEV9004797
ACC00004798,BANK6,CITY8,DEV0004798,DEV9004798
ACC00004799,BANK7,CITY9,DEV0004799,DEV9004799
ACC00004800,BANK0,CITY0,DEV0004800,DEV9004800
ACC00004801,BANK1,CITY1,DEV0004801,DEV9004801
ACC00004802,BANK2,CITY2,DEV0004802,DEV9004802
ACC00004803,BANK3,CITY3,DEV0004803,DEV9004803
ACC00004804,BANK4,CITY4,DEV0004804,DEV9004804
ACC00004805,BANK5,CITY5,DEV0004805,DEV9004805
ACC00004806,BANK6,CITY6,DEV0004806,DEV9004806
ACC00004807,BANK7,CITY7,DEV0004807,DEV9004807
ACC00004808,BANK0,CITY8,DEV0004808,DEV9004808
ACC00004809,BANK1,CITY9,DEV0004809,DEV9004809
ACC00004810,BANK2,CITY0,DEV0004810,DEV9004810
ACC00004811,BANK3,CITY1,DEV0004811,DEV9004811
ACC00004812,BANK4,CITY2,DEV0004812,DEV9004812
ACC00004813,BANK5,CITY3,DEV0004813,DEV9004813
ACC00004814,BANK6,CITY4,DEV0004814,DEV9004814
ACC00004815,BANK7,CITY5,DEV0004815,DEV9004815
ACC00004816,BANK0,CITY6,DEV0004816,DEV9004816
ACC00004817,BANK1,CITY7,DEV0004817,DEV9004817
ACC00004818,BANK2,CITY8,DEV0004818,DEV9004818
ACC00004819,BANK3,CITY9,DEV0004819,DEV9004819
ACC00004820,BANK4,CITY0,DEV0004820,DEV9004820
ACC00004821,BANK5,CITY1,DEV0004821,DEV9004821
ACC00004822,BANK6,CITY2,DEV0004822,DEV9004822
ACC00004823,BANK7,CITY3,DEV0004823,DEV9004823
ACC00004824,BANK0,CITY4,DEV0004824,DEV9004824
ACC00004825,BANK1,CITY5,DEV0004825,DEV9004825
ACC00004826,BANK2,CITY6,DEV0004826,DEV9004826
ACC00004827,BANK3,CITY7,DEV0004827,DEV9004827
ACC00004828,BANK4,CITY8,DEV0004828,DEV9004828
ACC00004829,BANK5,CITY9,DEV0004829,DEV9004829
ACC00004830,BANK6,CITY0,DEV0004830,DEV9004830
ACC00004831,BANK7,CITY1,DEV0004831,DEV9004831
ACC00004832,BANK0,CITY2,DEV0004832,DEV9004832
ACC00004833,BANK1,CITY3,DEV0004833,DEV9004833
ACC00004834,BANK2,CITY4,DEV0004834,DEV9004834
ACC00004835,BANK3,CITY5,DEV0004835,DEV9004835
ACC00004836,BANK4,CITY6,DEV0004836,DEV9004836
ACC00004837,BANK5,CITY7,DEV0004837,DEV9004837
ACC00004838,BANK6,CITY8,DEV0004838,DEV9004838
ACC00004839,BANK7,CITY9,DEV0004839,DEV9004839
ACC00004840,BANK0,CITY0,DEV0004840,DEV9004840
ACC00004841,BANK1,CITY1,DEV0004841,DEV9004841
ACC00004842,BANK2,CITY2,DEV0004842,DEV9004842
ACC00004843,BANK3,CITY3,DEV0004843,DEV9004843
ACC00004844,BANK4,CITY4,DEV0004844,DEV9004844
ACC00004845,BANK5,CITY5,DEV0004845,DEV9004845
ACC00004846,BANK6,CITY6,DEV0004846,DEV9004846
ACC00004847,BANK7,CITY7,DEV0004847,DEV9004847
ACC00004848,BANK0,CITY8,DEV0004848,DEV9004848
ACC00004849,BANK1,CITY9,DEV0004849,DEV9004849
ACC00004850,BANK2,CITY0,DEV0004850,DEV9004850
ACC00004851,BANK3,CITY1,DEV0004851,DEV9004851
ACC00004852,BANK4,CITY2,DEV0004852,DEV9004852
ACC00004853,BANK5,CITY3,DEV0004853,DEV9004853
ACC00004854,BANK6,CITY4,DEV0004854,DEV9004854
ACC00004855,BANK7,CITY5,DEV0004855,DEV9004855
ACC00004856,BANK0,CITY6,DEV0004856,DEV9004856
ACC00004857,BANK1,CITY7,DEV0004857,DEV9004857
ACC00004858,BANK2,CITY8,DEV0004858,DEV9004858
ACC00004859,BANK3,CITY9,DEV0004859,DEV9004859
ACC00004860,BANK4,CITY0,DEV0004860,DEV9004860
ACC00004861,BANK5,CITY1,DEV0004861,DEV9004861
ACC00004862,BANK6,CITY2,DEV0004862,DEV9004862
ACC00004863,BANK7,CITY3,DEV0004863,DEV9004863
ACC00004864,BANK0,CITY4,DEV0004864,DEV9004864
ACC00004865,BANK1,CITY5,DEV0004865,DEV9004865
ACC00004866,BANK2,CITY6,DEV0004866,DEV9004866
ACC00004867,BANK3,CITY7,DEV0004867,DEV9004867
ACC00004868,BANK4,CITY8,DEV0004868,DEV9004868
ACC00004869,BANK5,CITY9,DEV0004869,DEV9004869
ACC00004870,BANK6,CITY0,DEV0004870,DEV9004870
ACC00004871,BANK7,CITY1,DEV0004871,DEV9004871
ACC00004872,BANK0,CITY2,DEV0004872,DEV9004872
ACC00004873,BANK1,CITY3,DEV0004873,DEV9004873
ACC00004874,BANK2,CITY4,DEV0004874,DEV9004874
ACC00004875,BANK3,CITY5,DEV0004875,DEV9004875
ACC00004876,BANK4,CITY6,DEV0004876,DEV9004876
ACC00004877,BANK5,CITY7,DEV0004877,DEV9004877
ACC00004878,BANK6,CITY8,DEV0004878,DEV9004878
ACC00004879,BANK7,CITY9,DEV0004879,DEV9004879
ACC00004880,BANK0,CITY0,DEV0004880,DEV9004880
ACC00004881,BANK1,CITY1,DEV0004881,DEV9004881
ACC00004882,BANK2,CITY2,DEV0004882,DEV9004882
ACC00004883,BANK3,CITY3,DEV0004883,DEV9004883
ACC00004884,BANK4,CITY4,DEV0004884,DEV9004884
ACC00004885,BANK5,CITY5,DEV0004885,DEV9004885
ACC00004886,BANK6,CITY6,DEV0004886,DEV9004886
ACC00004887,BANK7,CITY7,DEV0004887,DEV9004887
ACC00004888,BANK0,CITY8,DEV0004888,DEV9004888
ACC00004889,BANK1,CITY9,DEV0004889,DEV9004889
ACC00004890,BANK2,CITY0,DEV0004890,DEV9004890
ACC00004891,BANK3,CITY1,DEV0004891,DEV9004891
ACC00004892,BANK4,CITY2,DEV0004892,DEV9004892
ACC00004893,BANK5,CITY3,DEV0004893,DEV9004893
ACC00004894,BANK6,CITY4,DEV0004894,DEV9004894
ACC00004895,BANK7,CITY5,DEV0004895,DEV9004895
ACC00004896,BANK0,CITY6,DEV0004896,DEV9004896
ACC00004897,BANK1,CITY7,DEV0004897,DEV9004897
ACC00004898,BANK2,CITY8,DEV0004898,DEV9004898
ACC00004899,BANK3,CITY9,DEV0004899,DEV9004899
ACC00004900,BANK4,CITY0,DEV0004900,DEV9004900
ACC00004901,BANK5,CITY1,DEV0004901,DEV9004901
ACC00004902,BANK6,CITY2,DEV0004902,DEV9004902
ACC00004903,BANK7,CITY3,DEV0004903,DEV9004903
ACC00004904,BANK0,CITY4,DEV0004904,DEV9004904
ACC00004905,BANK1,CITY5,DEV0004905,DEV9004905
ACC00004906,BANK2,CITY6,DEV0004906,DEV9004906
ACC00004907,BANK3,CITY7,DEV0004907,DEV9004907
ACC00004908,BANK4,CITY8,DEV0004908,DEV9004908
ACC00004909,BANK5,CITY9,DEV0004909,DEV9004909
ACC00004910,BANK6,CITY0,DEV0004910,DEV9004910
ACC00004911,BANK7,CITY1,DEV0004911,DEV9004911
ACC00004912,BANK0,CITY2,DEV0004912,DEV9004912
ACC00004913,BANK1,CITY3,DEV0004913,DEV9004913
ACC00004914,BANK2,CITY4,DEV0004914,DEV9004914
ACC00004915,BANK3,CITY5,DEV0004915,DEV9004915
ACC00004916,BANK4,CITY6,DEV0004916,DEV9004916
ACC00004917,BANK5,CITY7,DEV0004917,DEV9004917
ACC00004918,BANK6,CITY8,DEV0004918,DEV9004918
ACC00004919,BANK7,CITY9,DEV0004919,DEV9004919
ACC00004920,BANK0,CITY0,DEV0004920,DEV9004920
ACC00004921,BANK1,CITY1,DEV0004921,DEV9004921
ACC00004922,BANK2,CITY2,DEV0004922,DEV9004922
ACC00004923,BANK3,CITY3,DEV0004923,DEV9004923
ACC00004924,BANK4,CITY4,DEV0004924,DEV9004924
ACC00004925,BANK5,CITY5,DEV0004925,DEV9004925
ACC00004926,BANK6,CITY6,DEV0004926,DEV9004926
ACC00004927,BANK7,CITY7,DEV0004927,DEV9004927
ACC00004928,BANK0,CITY8,DEV0004928,DEV9004928
ACC00004929,BANK1,CITY9,DEV0004929,DEV9004929
ACC00004930,BANK2,CITY0,DEV0004930,DEV9004930
ACC00004931,BANK3,CITY1,DEV0004931,DEV9004931
ACC00004932,BANK4,CITY2,DEV0004932,DEV9004932
ACC00004933,BANK5,CITY3,DEV0004933,DEV9004933
ACC00004934,BANK6,CITY4,DEV0004934,DEV9004934
ACC00004935,BANK7,CITY5,DEV0004935,DEV9004935
ACC00004936,BANK0,CITY6,DEV0004936,DEV9004936
ACC00004937,BANK1,CITY7,DEV0004937,DEV9004937
ACC00004938,BANK2,CITY8,DEV0004938,DEV9004938
ACC00004939,BANK3,CITY9,DEV0004939,DEV9004939
ACC00004940,BANK4,CITY0,DEV0004940,DEV9004940
ACC00004941,BANK5,CITY1,DEV0004941,DEV9004941
ACC00004942,BANK6,CITY2,DEV0004942,DEV9004942
ACC00004943,BANK7,CITY3,DEV0004943,DEV9004943
ACC00004944,BANK0,CITY4,DEV0004944,DEV9004944
ACC00004945,BANK1,CITY5,DEV0004945,DEV9004945
ACC00004946,BANK2,CITY6,DEV0004946,DEV9004946
ACC00004947,BANK3,CITY7,DEV0004947,DEV9004947
ACC00004948,BANK4,CITY8,DEV0004948,DEV9004948
ACC00004949,BANK5,CITY9,DEV0004949,DEV9004949
ACC00004950,BANK6,CITY0,DEV0004950,DEV9004950
ACC00004951,BANK7,CITY1,DEV0004951,DEV9004951
ACC00004952,BANK0,CITY2,DEV0004952,DEV9004952
ACC00004953,BANK1,CITY3,DEV0004953,DEV9004953
ACC00004954,BANK2,CITY4,DEV0004954,DEV9004954
ACC00004955,BANK3,CITY5,DEV0004955,DEV9004955
ACC00004956,BANK4,CITY6,DEV0004956,DEV9004956
ACC00004957,BANK5,CITY7,DEV0004957,DEV9004957
ACC00004958,BANK6,CITY8,DEV0004958,DEV9004958
ACC00004959,BANK7,CITY9,DEV0004959,DEV9004959
ACC00004960,BANK0,CITY0,DEV0004960,DEV9004960
ACC00004961,BANK1,CITY1,DEV0004961,DEV9004961
ACC00004962,BANK2,CITY2,DEV0004962,DEV9004962
ACC00004963,BANK3,CITY3,DEV0004963,DEV9004963
ACC00004964,BANK4,CITY4,DEV0004964,DEV9004964
ACC00004965,BANK5,CITY5,DEV0004965,DEV9004965
ACC00004966,BANK6,CITY6,DEV0004966,DEV9004966
ACC00004967,BANK7,CITY7,DEV0004967,DEV9004967
ACC00004968,BANK0,CITY8,DEV0004968,DEV9004968
ACC00004969,BANK1,CITY9,DEV0004969,DEV9004969
ACC00004970,BANK2,CITY0,DEV0004970,DEV9004970
ACC00004971,BANK3,CITY1,DEV0004971,DEV9004971
ACC00004972,BANK4,CITY2,DEV0004972,DEV9004972
ACC00004973,BANK5,CITY3,DEV0004973,DEV9004973
ACC00004974,BANK6,CITY4,DEV0004974,DEV9004974
ACC00004975,BANK7,CITY5,DEV0004975,DEV9004975
ACC00004976,BANK0,CITY6,DEV0004976,DEV9004976
ACC00004977,BANK1,CITY7,DEV0004977,DEV9004977
ACC00004978,BANK2,CITY8,DEV0004978,DEV9004978
ACC00004979,BANK3,CITY9,DEV0004979,DEV9004979
ACC00004980,BANK4,CITY0,DEV0004980,DEV9004980
ACC00004981,BANK5,CITY1,DEV0004981,DEV9004981
ACC00004982,BANK6,CITY2,DEV0004982,DEV9004982
ACC00004983,BANK7,CITY3,DEV0004983,DEV9004983
ACC00004984,BANK0,CITY4,DEV0004984,DEV9004984
ACC00004985,BANK1,CITY5,DEV0004985,DEV9004985
ACC00004986,BANK2,CITY6,DEV0004986,DEV9004986
ACC00004987,BANK3,CITY7,DEV0004987,DEV9004987
ACC00004988,BANK4,CITY8,DEV0004988,DEV9004988
ACC00004989,BANK5,CITY9,DEV0004989,DEV9004989
ACC00004990,BANK6,CITY0,DEV0004990,DEV9004990
ACC00004991,BANK7,CITY1,DEV0004991,DEV9004991
ACC00004992,BANK0,CITY2,DEV0004992,DEV9004992
ACC00004993,BANK1,CITY3,DEV0004993,DEV9004993
ACC00004994,BANK2,CITY4,DEV0004994,DEV9004994
ACC00004995,BANK3,CITY5,DEV0004995,DEV9004995
ACC00004996,BANK4,CITY6,DEV0004996,DEV9004996
ACC00004997,BANK5,CITY7,DEV0004997,DEV9004997
ACC00004998,BANK6,CITY8,DEV0004998,DEV9004998
ACC00004999,BANK7,CITY9,DEV0004999,DEV9004999
